<?xml version="1.0" encoding="UTF-8"?>
<feed xmlns="http://www.w3.org/2005/Atom">
  <id>info:fedora/alvin-model:record-xsl</id>
  <title type="text">Enter a one-line description of the object.</title>
  <updated>2017-01-03T14:37:34.050Z</updated>
  <author>
    <name>fedoraAdmin</name>
  </author>
  <category term="Active" scheme="info:fedora/fedora-system:def/model#state"></category>
  <category term="2012-09-11T12:18:29.112Z" scheme="info:fedora/fedora-system:def/model#createdDate"></category>
  <icon>http://www.fedora-commons.org/images/logo_vertical_transparent_200_251.png</icon>
  <entry>
    <id>info:fedora/alvin-model:record-xsl/DC</id>
    <title type="text">DC</title>
    <updated>2012-09-11T12:18:29.112Z</updated>
    <link href="info:fedora/alvin-model:record-xsl/DC/2012-09-11T12:18:29.112Z" rel="alternate"></link>
    <category term="A" scheme="info:fedora/fedora-system:def/model#state"></category>
    <category term="X" scheme="info:fedora/fedora-system:def/model#controlGroup"></category>
    <category term="true" scheme="info:fedora/fedora-system:def/model#versionable"></category>
  </entry>
  <entry xmlns:thr="http://purl.org/syndication/thread/1.0">
    <id>info:fedora/alvin-model:record-xsl/DC/2012-09-11T12:18:29.112Z</id>
    <title type="text">DC1.0</title>
    <updated>2012-09-11T12:18:29.112Z</updated>
    <thr:in-reply-to ref="info:fedora/alvin-model:record-xsl/DC"></thr:in-reply-to>
    <category term="http://www.openarchives.org/OAI/2.0/oai_dc/" scheme="info:fedora/fedora-system:def/model#formatURI"></category>
    <category term="Dublin Core Record for this object" scheme="info:fedora/fedora-system:def/model#label"></category>
    <category term="418" scheme="info:fedora/fedora-system:def/model#length"></category>
    <summary type="text">DC1.0</summary>
    <content type="text/xml" src="DC1.0.xml"></content>
  </entry>
  <entry>
    <id>info:fedora/alvin-model:record-xsl/METADATA_CLEANUP</id>
    <title type="text">METADATA_CLEANUP</title>
    <updated>2012-09-11T12:38:09.307Z</updated>
    <link href="info:fedora/alvin-model:record-xsl/METADATA_CLEANUP/2012-09-11T12:38:09.307Z" rel="alternate"></link>
    <category term="A" scheme="info:fedora/fedora-system:def/model#state"></category>
    <category term="X" scheme="info:fedora/fedora-system:def/model#controlGroup"></category>
    <category term="true" scheme="info:fedora/fedora-system:def/model#versionable"></category>
  </entry>
  <entry xmlns:thr="http://purl.org/syndication/thread/1.0">
    <id>info:fedora/alvin-model:record-xsl/METADATA_CLEANUP/2012-09-11T12:38:09.307Z</id>
    <title type="text">METADATA_CLEANUP.1</title>
    <updated>2012-09-11T12:38:09.307Z</updated>
    <thr:in-reply-to ref="info:fedora/alvin-model:record-xsl/METADATA_CLEANUP"></thr:in-reply-to>
    <category term="Enter a label here." scheme="info:fedora/fedora-system:def/model#label"></category>
    <category term="234" scheme="info:fedora/fedora-system:def/model#length"></category>
    <summary type="text">METADATA_CLEANUP.1</summary>
    <content type="text/xml" src="METADATA_CLEANUP.1.xml"></content>
  </entry>
  <entry>
    <id>info:fedora/alvin-model:record-xsl/FREETEXT</id>
    <title type="text">FREETEXT</title>
    <updated>2017-01-03T14:37:34.050Z</updated>
    <link href="info:fedora/alvin-model:record-xsl/FREETEXT/2017-01-03T14:37:34.050Z" rel="alternate"></link>
    <category term="A" scheme="info:fedora/fedora-system:def/model#state"></category>
    <category term="X" scheme="info:fedora/fedora-system:def/model#controlGroup"></category>
    <category term="true" scheme="info:fedora/fedora-system:def/model#versionable"></category>
  </entry>
  <entry xmlns:thr="http://purl.org/syndication/thread/1.0">
    <id>info:fedora/alvin-model:record-xsl/FREETEXT/2012-10-03T14:01:47.240Z</id>
    <title type="text">FREETEXT.0</title>
    <updated>2012-10-03T14:01:47.240Z</updated>
    <thr:in-reply-to ref="info:fedora/alvin-model:record-xsl/FREETEXT"></thr:in-reply-to>
    <category term="Enter a label here." scheme="info:fedora/fedora-system:def/model#label"></category>
    <category term="1124" scheme="info:fedora/fedora-system:def/model#length"></category>
    <summary type="text">FREETEXT.0</summary>
    <content type="text/xml" src="FREETEXT.0.xml"></content>
  </entry>
  <entry xmlns:thr="http://purl.org/syndication/thread/1.0">
    <id>info:fedora/alvin-model:record-xsl/FREETEXT/2015-10-02T06:29:02.058Z</id>
    <title type="text">FREETEXT.1</title>
    <updated>2015-10-02T06:29:02.058Z</updated>
    <thr:in-reply-to ref="info:fedora/alvin-model:record-xsl/FREETEXT"></thr:in-reply-to>
    <category term="Enter a label here." scheme="info:fedora/fedora-system:def/model#label"></category>
    <category term="3592" scheme="info:fedora/fedora-system:def/model#length"></category>
    <summary type="text">FREETEXT.1</summary>
    <content type="text/xml" src="FREETEXT.1.xml"></content>
  </entry>
  <entry xmlns:thr="http://purl.org/syndication/thread/1.0">
    <id>info:fedora/alvin-model:record-xsl/FREETEXT/2015-10-02T06:31:17.748Z</id>
    <title type="text">FREETEXT.2</title>
    <updated>2015-10-02T06:31:17.748Z</updated>
    <thr:in-reply-to ref="info:fedora/alvin-model:record-xsl/FREETEXT"></thr:in-reply-to>
    <category term="Enter a label here." scheme="info:fedora/fedora-system:def/model#label"></category>
    <category term="3915" scheme="info:fedora/fedora-system:def/model#length"></category>
    <summary type="text">FREETEXT.2</summary>
    <content type="text/xml" src="FREETEXT.2.xml"></content>
  </entry>
  <entry xmlns:thr="http://purl.org/syndication/thread/1.0">
    <id>info:fedora/alvin-model:record-xsl/FREETEXT/2015-10-02T06:33:01.715Z</id>
    <title type="text">FREETEXT.3</title>
    <updated>2015-10-02T06:33:01.715Z</updated>
    <thr:in-reply-to ref="info:fedora/alvin-model:record-xsl/FREETEXT"></thr:in-reply-to>
    <category term="Enter a label here." scheme="info:fedora/fedora-system:def/model#label"></category>
    <category term="3822" scheme="info:fedora/fedora-system:def/model#length"></category>
    <summary type="text">FREETEXT.3</summary>
    <content type="text/xml" src="FREETEXT.3.xml"></content>
  </entry>
  <entry xmlns:thr="http://purl.org/syndication/thread/1.0">
    <id>info:fedora/alvin-model:record-xsl/FREETEXT/2015-10-02T07:07:55.643Z</id>
    <title type="text">FREETEXT.4</title>
    <updated>2015-10-02T07:07:55.643Z</updated>
    <thr:in-reply-to ref="info:fedora/alvin-model:record-xsl/FREETEXT"></thr:in-reply-to>
    <category term="Enter a label here." scheme="info:fedora/fedora-system:def/model#label"></category>
    <category term="7566" scheme="info:fedora/fedora-system:def/model#length"></category>
    <summary type="text">FREETEXT.4</summary>
    <content type="text/xml" src="FREETEXT.4.xml"></content>
  </entry>
  <entry xmlns:thr="http://purl.org/syndication/thread/1.0">
    <id>info:fedora/alvin-model:record-xsl/FREETEXT/2015-10-07T06:08:38.765Z</id>
    <title type="text">FREETEXT.5</title>
    <updated>2015-10-07T06:08:38.765Z</updated>
    <thr:in-reply-to ref="info:fedora/alvin-model:record-xsl/FREETEXT"></thr:in-reply-to>
    <category term="Enter a label here." scheme="info:fedora/fedora-system:def/model#label"></category>
    <category term="7673" scheme="info:fedora/fedora-system:def/model#length"></category>
    <summary type="text">FREETEXT.5</summary>
    <content type="text/xml" src="FREETEXT.5.xml"></content>
  </entry>
  <entry xmlns:thr="http://purl.org/syndication/thread/1.0">
    <id>info:fedora/alvin-model:record-xsl/FREETEXT/2015-12-16T13:32:27.708Z</id>
    <title type="text">FREETEXT.6</title>
    <updated>2015-12-16T13:32:27.708Z</updated>
    <thr:in-reply-to ref="info:fedora/alvin-model:record-xsl/FREETEXT"></thr:in-reply-to>
    <category term="Enter a label here." scheme="info:fedora/fedora-system:def/model#label"></category>
    <category term="8078" scheme="info:fedora/fedora-system:def/model#length"></category>
    <summary type="text">FREETEXT.6</summary>
    <content type="text/xml" src="FREETEXT.6.xml"></content>
  </entry>
  <entry xmlns:thr="http://purl.org/syndication/thread/1.0">
    <id>info:fedora/alvin-model:record-xsl/FREETEXT/2015-12-16T13:32:31.613Z</id>
    <title type="text">FREETEXT.7</title>
    <updated>2015-12-16T13:32:31.613Z</updated>
    <thr:in-reply-to ref="info:fedora/alvin-model:record-xsl/FREETEXT"></thr:in-reply-to>
    <category term="Enter a label here." scheme="info:fedora/fedora-system:def/model#label"></category>
    <category term="8078" scheme="info:fedora/fedora-system:def/model#length"></category>
    <summary type="text">FREETEXT.7</summary>
    <content type="text/xml" src="FREETEXT.7.xml"></content>
  </entry>
  <entry xmlns:thr="http://purl.org/syndication/thread/1.0">
    <id>info:fedora/alvin-model:record-xsl/FREETEXT/2016-01-12T13:23:02.758Z</id>
    <title type="text">FREETEXT.8</title>
    <updated>2016-01-12T13:23:02.758Z</updated>
    <thr:in-reply-to ref="info:fedora/alvin-model:record-xsl/FREETEXT"></thr:in-reply-to>
    <category term="Enter a label here." scheme="info:fedora/fedora-system:def/model#label"></category>
    <category term="8024" scheme="info:fedora/fedora-system:def/model#length"></category>
    <summary type="text">FREETEXT.8</summary>
    <content type="text/xml" src="FREETEXT.8.xml"></content>
  </entry>
  <entry xmlns:thr="http://purl.org/syndication/thread/1.0">
    <id>info:fedora/alvin-model:record-xsl/FREETEXT/2017-01-03T14:37:34.050Z</id>
    <title type="text">FREETEXT.9</title>
    <updated>2017-01-03T14:37:34.050Z</updated>
    <thr:in-reply-to ref="info:fedora/alvin-model:record-xsl/FREETEXT"></thr:in-reply-to>
    <category term="Enter a label here." scheme="info:fedora/fedora-system:def/model#label"></category>
    <category term="8585" scheme="info:fedora/fedora-system:def/model#length"></category>
    <summary type="text">FREETEXT.9</summary>
    <content type="text/xml" src="FREETEXT.9.xml"></content>
  </entry>
  <entry>
    <id>info:fedora/alvin-model:record-xsl/MODEL_NOREF</id>
    <title type="text">MODEL_NOREF</title>
    <updated>2012-10-11T11:41:53.105Z</updated>
    <link href="info:fedora/alvin-model:record-xsl/MODEL_NOREF/2012-10-11T11:41:53.105Z" rel="alternate"></link>
    <category term="A" scheme="info:fedora/fedora-system:def/model#state"></category>
    <category term="X" scheme="info:fedora/fedora-system:def/model#controlGroup"></category>
    <category term="true" scheme="info:fedora/fedora-system:def/model#versionable"></category>
  </entry>
  <entry xmlns:thr="http://purl.org/syndication/thread/1.0">
    <id>info:fedora/alvin-model:record-xsl/MODEL_NOREF/2012-10-09T08:48:50.643Z</id>
    <title type="text">MODEL_NOREF.0</title>
    <updated>2012-10-09T08:48:50.643Z</updated>
    <thr:in-reply-to ref="info:fedora/alvin-model:record-xsl/MODEL_NOREF"></thr:in-reply-to>
    <category term="Enter a label here." scheme="info:fedora/fedora-system:def/model#label"></category>
    <category term="738" scheme="info:fedora/fedora-system:def/model#length"></category>
    <summary type="text">MODEL_NOREF.0</summary>
    <content type="text/xml" src="MODEL_NOREF.0.xml"></content>
  </entry>
  <entry xmlns:thr="http://purl.org/syndication/thread/1.0">
    <id>info:fedora/alvin-model:record-xsl/MODEL_NOREF/2012-10-11T11:41:53.105Z</id>
    <title type="text">MODEL_NOREF.1</title>
    <updated>2012-10-11T11:41:53.105Z</updated>
    <thr:in-reply-to ref="info:fedora/alvin-model:record-xsl/MODEL_NOREF"></thr:in-reply-to>
    <category term="Enter a label here." scheme="info:fedora/fedora-system:def/model#label"></category>
    <category term="810" scheme="info:fedora/fedora-system:def/model#length"></category>
    <summary type="text">MODEL_NOREF.1</summary>
    <content type="text/xml" src="MODEL_NOREF.1.xml"></content>
  </entry>
  <entry>
    <id>info:fedora/alvin-model:record-xsl/AUDIT</id>
    <title type="text">AUDIT</title>
    <updated>2012-09-11T12:18:29.112Z</updated>
    <category term="A" scheme="info:fedora/fedora-system:def/model#state"></category>
    <category term="X" scheme="info:fedora/fedora-system:def/model#controlGroup"></category>
    <category term="false" scheme="info:fedora/fedora-system:def/model#versionable"></category>
    <link href="info:fedora/alvin-model:record-xsl/AUDIT/2012-09-11T12:18:29.112Z" rel="alternate"></link>
  </entry>
  <entry xmlns:thr="http://purl.org/syndication/thread/1.0">
    <id>info:fedora/alvin-model:record-xsl/AUDIT/2012-09-11T12:18:29.112Z</id>
    <title type="text">AUDIT.0</title>
    <updated>2012-09-11T12:18:29.112Z</updated>
    <thr:in-reply-to ref="info:fedora/alvin-model:record-xsl/AUDIT"></thr:in-reply-to>
    <category term="info:fedora/fedora-system:format/xml.fedora.audit" scheme="info:fedora/fedora-system:def/model#formatURI"></category>
    <category term="Audit Trail for this object" scheme="info:fedora/fedora-system:def/model#label"></category>
    <summary type="text">AUDIT.0</summary>
    <content type="text/xml" src="AUDIT.0.xml"></content>
  </entry>
</feed>