
<xsl:stylesheet xmlns:xsl="http://www.w3.org/1999/XSL/Transform" version="2.0">
  <xsl:output encoding="UTF-8" indent="no" media-type="text/plain; charset=utf-8" method="xml" omit-xml-declaration="yes"></xsl:output>
  <xsl:template match="/">
    <xsl:apply-templates select="alvinRecord"></xsl:apply-templates>
  </xsl:template>
  <xsl:template match="alvinRecord">
    <xsl:apply-templates select="resourceType"></xsl:apply-templates>
    <xsl:apply-templates select="title"></xsl:apply-templates>
    <xsl:apply-templates select="alternativeTitles"></xsl:apply-templates>
    <xsl:apply-templates select="persons"></xsl:apply-templates>
    <xsl:apply-templates select="organisations"></xsl:apply-templates>
    <xsl:apply-templates select="subjectHeadings"></xsl:apply-templates>
    <xsl:apply-templates select="subjectPersons"></xsl:apply-templates>
    <xsl:apply-templates select="subjectOrganisations"></xsl:apply-templates>
    <xsl:apply-templates select="owningOrganisationUnit"></xsl:apply-templates>
    <xsl:apply-templates select="identifiers"></xsl:apply-templates>
    <xsl:apply-templates select="localIdentifiers"></xsl:apply-templates>
    <xsl:apply-templates select="languages"></xsl:apply-templates>
    
    <xsl:apply-templates select="creation"></xsl:apply-templates>
    <xsl:apply-templates select="physicalDescription"></xsl:apply-templates>
    <xsl:apply-templates select="otherPhysicalDescriptions"></xsl:apply-templates>
    <xsl:apply-templates select="abstracts"></xsl:apply-templates>
    <xsl:apply-templates select="notes"></xsl:apply-templates>
    <xsl:apply-templates select="literature"></xsl:apply-templates>
    <xsl:apply-templates select="physicalLocation"></xsl:apply-templates>
    <xsl:apply-templates select="accessConditions"></xsl:apply-templates>
    <xsl:apply-templates select="accessInfo"></xsl:apply-templates>
    <xsl:apply-templates select="level"></xsl:apply-templates>
    <xsl:apply-templates select="container"></xsl:apply-templates>
    <xsl:apply-templates select="placesOfDispatch"></xsl:apply-templates>
    <xsl:apply-templates select="mathematicalData"></xsl:apply-templates>
    <xsl:apply-templates select="miscEvents"></xsl:apply-templates>
    <xsl:apply-templates select="manuscriptDescr"></xsl:apply-templates>
    <xsl:apply-templates select="musicalDescription"></xsl:apply-templates>
    <xsl:apply-templates select="content"></xsl:apply-templates>
    <xsl:apply-templates select="coin"></xsl:apply-templates>
    <xsl:apply-templates select="classifications"></xsl:apply-templates>
    <xsl:apply-templates select="bookBinding"></xsl:apply-templates>
    <xsl:apply-templates select="bookDecoration"></xsl:apply-templates>
    <xsl:apply-templates select="decoration"></xsl:apply-templates>
    <xsl:apply-templates select="externalNote"></xsl:apply-templates>
    <xsl:apply-templates select="relatedAlvinRecords/relatedAlvinRecord/title"></xsl:apply-templates>
  </xsl:template>
  <xsl:template match="storedSnapshot">
    <xsl:for-each select="entry">
      <xsl:apply-templates></xsl:apply-templates>
    </xsl:for-each>
  </xsl:template>
  
  <xsl:template match="set | initialized | key | dirty | lastUpdated | role | cachedSize | owner[@class]"></xsl:template>
  
  <xsl:template match="partsOfPublication | hostPublications | attachments | oldDivaDb"></xsl:template>
  
  <xsl:template match="identifier | localIdentifier">
    <xsl:apply-templates select="type/defaultName"></xsl:apply-templates>
    <xsl:apply-templates select="type/code"></xsl:apply-templates>
    <xsl:apply-templates select="text"></xsl:apply-templates>
  </xsl:template>
  <xsl:template match="persons">
    <xsl:apply-templates select="personRole/person"></xsl:apply-templates>
    <xsl:apply-templates select="personRole/role"></xsl:apply-templates>
  </xsl:template>
  <xsl:template match="organisations">
    <xsl:apply-templates select="organisationRole/organisation"></xsl:apply-templates>
    <xsl:apply-templates select="organisationRole/role"></xsl:apply-templates>
  </xsl:template>
  
  <xsl:template match="subjectPersons">
    <xsl:apply-templates select="personRole/person"></xsl:apply-templates>
  </xsl:template>
  
  <xsl:template match="subjectOrganisations">
    <xsl:apply-templates select="organisationRole/organisation"></xsl:apply-templates>
  </xsl:template>
  
  <xsl:template match="person">
    <xsl:apply-templates select="name/lastName"></xsl:apply-templates>
    <xsl:apply-templates select="name/firstName"></xsl:apply-templates>
    <xsl:apply-templates select="name/addition"></xsl:apply-templates>
    <xsl:apply-templates select="name/number"></xsl:apply-templates>
    <xsl:apply-templates select="birth/date/year"></xsl:apply-templates>
    <xsl:apply-templates select="death/date/year"></xsl:apply-templates>
    <xsl:apply-templates select="livingPeriod"></xsl:apply-templates>
    <xsl:for-each select="alternativeNameForms/entry">
      <xsl:if test="string/text() = ../../../aliasId/text()">
        <xsl:apply-templates select="personNameForm/lastName"></xsl:apply-templates>
        <xsl:apply-templates select="personNameForm/firstName"></xsl:apply-templates>
        <xsl:apply-templates select="personNameForm/addition"></xsl:apply-templates>
        <xsl:apply-templates select="personNameForm/number"></xsl:apply-templates>
      </xsl:if>
    </xsl:for-each>
  </xsl:template>
  
  <xsl:template match="organisation">
    <xsl:apply-templates select="defaultOrganisationName/name"></xsl:apply-templates>
    <xsl:for-each select="alternativeNameForms/entry">
      <xsl:if test="string/text() = ../../../aliasId/text()">
        <xsl:apply-templates select="organisationNameForm/name"></xsl:apply-templates>
      </xsl:if>
    </xsl:for-each>
  </xsl:template>
  
  <xsl:template match="role">
    <xsl:apply-templates select="entity/defaultName"></xsl:apply-templates>
    <xsl:apply-templates select="entity/localisedNames/entry/string"></xsl:apply-templates>
  </xsl:template>
  
  <xsl:template match="creationEvent">
    <xsl:apply-templates select="country"></xsl:apply-templates>
    <xsl:apply-templates select="publisher"></xsl:apply-templates>
    <xsl:apply-templates select="placeName"></xsl:apply-templates>
  </xsl:template>
  
  <xsl:template match="placeName">
    <xsl:apply-templates select="place/defaultPlaceName/name"></xsl:apply-templates>
    <xsl:apply-templates select="place/country/defaultName"></xsl:apply-templates>
    <xsl:for-each select="place/placeNameForms/placeNameForm/entry">
      <xsl:if test="string/text() = ../../../aliasId/text()">
        <xsl:apply-templates select="name"></xsl:apply-templates>
      </xsl:if>
    </xsl:for-each>
  </xsl:template>
  
  <xsl:template match="subjectHeading">
    <xsl:apply-templates select="schema/defaultName"></xsl:apply-templates>
    <xsl:apply-templates select="subjectHeadingType/defaultName"></xsl:apply-templates>
    <xsl:for-each select="subjectHeadingType/localisedNames/entry">
      <xsl:apply-templates select="string"></xsl:apply-templates>
    </xsl:for-each>
  </xsl:template>
  
  <xsl:template match="address | id | parent | recordInfo"></xsl:template>
  <xsl:template match="text()">
    <xsl:choose>
      <xsl:when test=". = &apos;true&apos;"></xsl:when>
      <xsl:when test=". = &apos;false&apos;"></xsl:when>
      <xsl:when test="string-length(normalize-space(.)) &gt; 0">
        <xsl:value-of select="normalize-space(.)"></xsl:value-of>
        <xsl:text> </xsl:text>
      </xsl:when>
    </xsl:choose>
  </xsl:template>
</xsl:stylesheet>
