
<xsl:stylesheet xmlns:xsl="http://www.w3.org/1999/XSL/Transform" version="2.0">
          <xsl:output encoding="UTF-8" indent="no" media-type="text/plain" method="xml" omit-xml-declaration="yes"></xsl:output>
          <xsl:template match="/">
            <xsl:apply-templates></xsl:apply-templates>
          </xsl:template>
          <xsl:template match="storedSnapshot">
            <xsl:for-each select="entry">
              <xsl:apply-templates></xsl:apply-templates>
            </xsl:for-each>
          </xsl:template>
          <xsl:template match="creatorInfo | updaters"></xsl:template>
          <xsl:template match="set | initialized | key | dirty | lastUpdated| role | cachedSize | owner[@class]|contentTypes"></xsl:template>
          <xsl:template match="partsOfPublication | hostPublications | attachments"></xsl:template>
          <xsl:template match="*[ends-with(name(),&apos;Id&apos;)]"></xsl:template>
          <xsl:template match="text()">
            <xsl:value-of select="normalize-space(.)"></xsl:value-of>
            <xsl:text> </xsl:text>
          </xsl:template>
        </xsl:stylesheet>
