
<xsl:stylesheet xmlns:xsl="http://www.w3.org/1999/XSL/Transform" version="2.0">
  <xsl:output encoding="UTF-8" indent="no" media-type="text/plain; charset=utf-8" method="xml" omit-xml-declaration="yes"></xsl:output>
  <xsl:template match="/">
    <xsl:apply-templates select="alvinRecord"></xsl:apply-templates>
  </xsl:template>
  <xsl:template match="alvinRecord">
    <xsl:apply-templates select="resourceType"></xsl:apply-templates>
    <xsl:apply-templates select="title"></xsl:apply-templates>
    <xsl:apply-templates select="alternativeTitles"></xsl:apply-templates>
    <xsl:apply-templates select="persons"></xsl:apply-templates>
    <xsl:apply-templates select="subjectHeadings"></xsl:apply-templates>
    <xsl:apply-templates select="subjectPersons"></xsl:apply-templates>
    <xsl:apply-templates select="subjectOrganisations"></xsl:apply-templates>
    <xsl:apply-templates select="owningOrganisationUnit"></xsl:apply-templates>
    <xsl:apply-templates select="identifiers"></xsl:apply-templates>
    <xsl:apply-templates select="localIdentifiers"></xsl:apply-templates>
    <xsl:apply-templates select="languages"></xsl:apply-templates>
    <xsl:apply-templates select="catalogLanguages"></xsl:apply-templates>
    <xsl:apply-templates select="creation"></xsl:apply-templates>
    <xsl:apply-templates select="physicalDescription"></xsl:apply-templates>
    <xsl:apply-templates select="otherPhysicalDescriptions"></xsl:apply-templates>
    <xsl:apply-templates select="abstracts"></xsl:apply-templates>
    <xsl:apply-templates select="notes"></xsl:apply-templates>
    <xsl:apply-templates select="literature"></xsl:apply-templates>
    <xsl:apply-templates select="physicalLocation"></xsl:apply-templates>
    <xsl:apply-templates select="accessConditions"></xsl:apply-templates>
    <xsl:apply-templates select="accessInfo"></xsl:apply-templates>
    <xsl:apply-templates select="level"></xsl:apply-templates>
    <xsl:apply-templates select="container"></xsl:apply-templates>
    <xsl:apply-templates select="placesOfDispatch"></xsl:apply-templates>
    <xsl:apply-templates select="mathematicalData"></xsl:apply-templates>
    <xsl:apply-templates select="miscEvents"></xsl:apply-templates>
    <xsl:apply-templates select="manuscriptDescr"></xsl:apply-templates>
    <xsl:apply-templates select="musicalDescription"></xsl:apply-templates>
    <xsl:apply-templates select="content"></xsl:apply-templates>
    <xsl:apply-templates select="coin"></xsl:apply-templates>
    <xsl:apply-templates select="classifications"></xsl:apply-templates>
    <xsl:apply-templates select="bookBinding"></xsl:apply-templates>
    <xsl:apply-templates select="bookDecoration"></xsl:apply-templates>
    <xsl:apply-templates select="decoration"></xsl:apply-templates>
    <xsl:apply-templates select="externalNote"></xsl:apply-templates>
    <xsl:apply-templates select="relatedAlvinRecords/relatedAlvinRecord/title"></xsl:apply-templates>
  </xsl:template>
  <xsl:template match="storedSnapshot">
    <xsl:for-each select="entry">
      <xsl:apply-templates></xsl:apply-templates>
    </xsl:for-each>
  </xsl:template>
  <xsl:template match="address | id | parent | recordInfo"></xsl:template>
  <xsl:template match="set | initialized | key | dirty | lastUpdated | role | cachedSize | owner[@class]"></xsl:template>
  <xsl:template match="partsOfPublication | hostPublications | attachments | oldDivaDb"></xsl:template>
  <xsl:template match="text()">
    <xsl:choose>
      <xsl:when test=". = &apos;true&apos;"></xsl:when>
      <xsl:when test=". = &apos;false&apos;"></xsl:when>
      <xsl:when test="string-length(normalize-space(.)) &gt; 0">
        <xsl:value-of select="normalize-space(.)"></xsl:value-of>
        <xsl:text> </xsl:text>
      </xsl:when>
    </xsl:choose>
  </xsl:template>
</xsl:stylesheet>
