
<xsl:stylesheet xmlns:xsl="http://www.w3.org/1999/XSL/Transform" version="1.0">
          <xsl:output encoding="UTF-8" method="xml" omit-xml-declaration="no"></xsl:output>
          <xsl:template match="*[@reference][local-name(.) != &apos;model&apos;]">
            <xsl:comment>resolved <xsl:value-of select="local-name(.)"></xsl:value-of> - <xsl:value-of select="@reference"></xsl:value-of>
            </xsl:comment>
            <xsl:copy-of select="//*[@id=./@reference]"></xsl:copy-of>
          </xsl:template>
          <xsl:template match="@*|node()">
            <xsl:copy>
              <xsl:apply-templates select="@*|node()"></xsl:apply-templates>
            </xsl:copy>
          </xsl:template>
        </xsl:stylesheet>
