
<xsl:stylesheet xmlns:xsl="http://www.w3.org/1999/XSL/Transform" version="1.0">
          <xsl:output encoding="UTF-8" method="xml" omit-xml-declaration="no"></xsl:output>
          <xsl:template match="*[@reference]">
            <xsl:variable name="ref" select="string(@reference)"></xsl:variable>
            <xsl:comment>resolved
            <xsl:value-of select="local-name(.)"></xsl:value-of> -
            @reference=<xsl:value-of select="@reference"></xsl:value-of>
            </xsl:comment>
            <xsl:copy-of select="//*[@id=$ref]"></xsl:copy-of>
          </xsl:template>
          <xsl:template match="@*|node()">
            <xsl:copy>
              <xsl:apply-templates select="@*|node()"></xsl:apply-templates>
            </xsl:copy>
          </xsl:template>
        </xsl:stylesheet>
