<?xml version="1.0" encoding="UTF-8"?>
<feed xmlns="http://www.w3.org/2005/Atom">
  <id>info:fedora/alvin-place:24</id>
  <title type="text">Lund</title>
  <updated>2018-01-23T14:42:36.868Z</updated>
  <author>
    <name>fedoraAdmin</name>
  </author>
  <category term="Active" scheme="info:fedora/fedora-system:def/model#state"></category>
  <category term="2014-12-18T22:16:44.837Z" scheme="info:fedora/fedora-system:def/model#createdDate"></category>
  <icon>http://www.fedora-commons.org/images/logo_vertical_transparent_200_251.png</icon>
  <entry>
    <id>info:fedora/alvin-place:24/DC</id>
    <title type="text">DC</title>
    <updated>2014-12-18T22:16:44.837Z</updated>
    <link href="info:fedora/alvin-place:24/DC/2014-12-18T22:16:44.837Z" rel="alternate"></link>
    <category term="A" scheme="info:fedora/fedora-system:def/model#state"></category>
    <category term="X" scheme="info:fedora/fedora-system:def/model#controlGroup"></category>
    <category term="true" scheme="info:fedora/fedora-system:def/model#versionable"></category>
  </entry>
  <entry xmlns:thr="http://purl.org/syndication/thread/1.0">
    <id>info:fedora/alvin-place:24/DC/2014-12-18T22:16:44.837Z</id>
    <title type="text">DC1.0</title>
    <updated>2014-12-18T22:16:44.837Z</updated>
    <thr:in-reply-to ref="info:fedora/alvin-place:24/DC"></thr:in-reply-to>
    <category term="http://www.openarchives.org/OAI/2.0/oai_dc/" scheme="info:fedora/fedora-system:def/model#formatURI"></category>
    <category term="Dublin Core Record for this object" scheme="info:fedora/fedora-system:def/model#label"></category>
    <category term="371" scheme="info:fedora/fedora-system:def/model#length"></category>
    <summary type="text">DC1.0</summary>
    <content type="text/xml" src="DC1.0.xml"></content>
  </entry>
  <entry>
    <id>info:fedora/alvin-place:24/RELS-EXT</id>
    <title type="text">RELS-EXT</title>
    <updated>2014-12-18T22:16:44.901Z</updated>
    <link href="info:fedora/alvin-place:24/RELS-EXT/2014-12-18T22:16:44.901Z" rel="alternate"></link>
    <category term="A" scheme="info:fedora/fedora-system:def/model#state"></category>
    <category term="X" scheme="info:fedora/fedora-system:def/model#controlGroup"></category>
    <category term="false" scheme="info:fedora/fedora-system:def/model#versionable"></category>
  </entry>
  <entry xmlns:thr="http://purl.org/syndication/thread/1.0">
    <id>info:fedora/alvin-place:24/RELS-EXT/2014-12-18T22:16:44.901Z</id>
    <title type="text">RELS-EXT.0</title>
    <updated>2014-12-18T22:16:44.901Z</updated>
    <thr:in-reply-to ref="info:fedora/alvin-place:24/RELS-EXT"></thr:in-reply-to>
    <category term="info:fedora/fedora-system:FedoraRELSExt-1.0" scheme="info:fedora/fedora-system:def/model#formatURI"></category>
    <category term="Relationships" scheme="info:fedora/fedora-system:def/model#label"></category>
    <category term="269" scheme="info:fedora/fedora-system:def/model#length"></category>
    <summary type="text">RELS-EXT.0</summary>
    <content type="application/rdf+xml" src="RELS-EXT.0.xml"></content>
  </entry>
  <entry>
    <id>info:fedora/alvin-place:24/METADATA</id>
    <title type="text">METADATA</title>
    <updated>2018-01-23T14:42:36.868Z</updated>
    <link href="info:fedora/alvin-place:24/METADATA/2018-01-23T14:42:36.868Z" rel="alternate"></link>
    <category term="A" scheme="info:fedora/fedora-system:def/model#state"></category>
    <category term="M" scheme="info:fedora/fedora-system:def/model#controlGroup"></category>
    <category term="true" scheme="info:fedora/fedora-system:def/model#versionable"></category>
  </entry>
  <entry xmlns:thr="http://purl.org/syndication/thread/1.0">
    <id>info:fedora/alvin-place:24/METADATA/2014-12-18T22:16:44.919Z</id>
    <title type="text">METADATA.0</title>
    <updated>2014-12-18T22:16:44.919Z</updated>
    <thr:in-reply-to ref="info:fedora/alvin-place:24/METADATA"></thr:in-reply-to>
    <category term="Lund" scheme="info:fedora/fedora-system:def/model#label"></category>
    <category term="SHA-512" scheme="info:fedora/fedora-system:def/model#digestType"></category>
    <category term="001444dbfcf4ac4ead8084bfca9c9fb8de6774461ef9899b4f73cd17da7c2cb175ba787f771cd59c3412f0fb1e4d527a2f7454ed2bc9cb51458afbbf4a228bcd" scheme="info:fedora/fedora-system:def/model#digest"></category>
    <category term="795" scheme="info:fedora/fedora-system:def/model#length"></category>
    <summary type="text">METADATA.0</summary>
    <content type="text/xml" src="METADATA.0.xml"></content>
  </entry>
  <entry xmlns:thr="http://purl.org/syndication/thread/1.0">
    <id>info:fedora/alvin-place:24/METADATA/2014-12-18T22:18:01.579Z</id>
    <title type="text">METADATA.1</title>
    <updated>2014-12-18T22:18:01.579Z</updated>
    <thr:in-reply-to ref="info:fedora/alvin-place:24/METADATA"></thr:in-reply-to>
    <category term="Lund" scheme="info:fedora/fedora-system:def/model#label"></category>
    <category term="SHA-512" scheme="info:fedora/fedora-system:def/model#digestType"></category>
    <category term="207d467b7a2fe559f94877fb75e6faa0815816d2b7e41efd4c54826d1ad84fa95da89ddbc7e2de2730790e2fb6daa4501dedf96848f763869f9b9268e3f34e1b" scheme="info:fedora/fedora-system:def/model#digest"></category>
    <category term="2151" scheme="info:fedora/fedora-system:def/model#length"></category>
    <summary type="text">METADATA.1</summary>
    <content type="text/xml" src="METADATA.1.xml"></content>
  </entry>
  <entry xmlns:thr="http://purl.org/syndication/thread/1.0">
    <id>info:fedora/alvin-place:24/METADATA/2016-02-12T10:29:43.512Z</id>
    <title type="text">METADATA.2</title>
    <updated>2016-02-12T10:29:43.512Z</updated>
    <thr:in-reply-to ref="info:fedora/alvin-place:24/METADATA"></thr:in-reply-to>
    <category term="Lund" scheme="info:fedora/fedora-system:def/model#label"></category>
    <category term="SHA-512" scheme="info:fedora/fedora-system:def/model#digestType"></category>
    <category term="99f4321c0b4cbae8b2067577b2e42f1770268f73d431d8e80b226a838f2e38f3a1acfa4e6901b4a4abf9515cb1e3c2e70c116445743376ca7760f7bc83a8ed47" scheme="info:fedora/fedora-system:def/model#digest"></category>
    <category term="2633" scheme="info:fedora/fedora-system:def/model#length"></category>
    <summary type="text">METADATA.2</summary>
    <content type="text/xml" src="METADATA.2.xml"></content>
  </entry>
  <entry xmlns:thr="http://purl.org/syndication/thread/1.0">
    <id>info:fedora/alvin-place:24/METADATA/2016-03-03T17:03:20.629Z</id>
    <title type="text">METADATA.3</title>
    <updated>2016-03-03T17:03:20.629Z</updated>
    <thr:in-reply-to ref="info:fedora/alvin-place:24/METADATA"></thr:in-reply-to>
    <category term="Lund" scheme="info:fedora/fedora-system:def/model#label"></category>
    <category term="SHA-512" scheme="info:fedora/fedora-system:def/model#digestType"></category>
    <category term="fd3e6e427a6a2dd98909dbb33a3c6eae2869d702e3622aca9726e2437999138a12599c9a9e6e3dc6909c0aa9730d52c60cc0c4510d7a7c40bf6a2ee41a2937bc" scheme="info:fedora/fedora-system:def/model#digest"></category>
    <category term="2641" scheme="info:fedora/fedora-system:def/model#length"></category>
    <summary type="text">METADATA.3</summary>
    <content type="text/xml" src="METADATA.3.xml"></content>
  </entry>
  <entry xmlns:thr="http://purl.org/syndication/thread/1.0">
    <id>info:fedora/alvin-place:24/METADATA/2016-10-13T06:53:37.337Z</id>
    <title type="text">METADATA.4</title>
    <updated>2016-10-13T06:53:37.337Z</updated>
    <thr:in-reply-to ref="info:fedora/alvin-place:24/METADATA"></thr:in-reply-to>
    <category term="Lund" scheme="info:fedora/fedora-system:def/model#label"></category>
    <category term="SHA-512" scheme="info:fedora/fedora-system:def/model#digestType"></category>
    <category term="3cb7b346b57f8809fbef18c3149a8219af9dba3663e958e9b2f4faf57bd92d0c01132e96a0b3d3755696792d2b291e1a8f755f6b49b9bb781437ea74f01e496b" scheme="info:fedora/fedora-system:def/model#digest"></category>
    <category term="3874" scheme="info:fedora/fedora-system:def/model#length"></category>
    <summary type="text">METADATA.4</summary>
    <content type="text/xml" src="METADATA.4.xml"></content>
  </entry>
  <entry xmlns:thr="http://purl.org/syndication/thread/1.0">
    <id>info:fedora/alvin-place:24/METADATA/2016-10-13T06:58:35.120Z</id>
    <title type="text">METADATA.5</title>
    <updated>2016-10-13T06:58:35.120Z</updated>
    <thr:in-reply-to ref="info:fedora/alvin-place:24/METADATA"></thr:in-reply-to>
    <category term="Lund" scheme="info:fedora/fedora-system:def/model#label"></category>
    <category term="SHA-512" scheme="info:fedora/fedora-system:def/model#digestType"></category>
    <category term="63c6100464ae8914e7aa1268372e8a92ab881f855425eaf4bb91cbb2e459cbc9f387f6f616f7e3fe0d678a0227878a7fe6a410c1f48b8d9a764c20bf5ab9e289" scheme="info:fedora/fedora-system:def/model#digest"></category>
    <category term="3844" scheme="info:fedora/fedora-system:def/model#length"></category>
    <summary type="text">METADATA.5</summary>
    <content type="text/xml" src="METADATA.5.xml"></content>
  </entry>
  <entry xmlns:thr="http://purl.org/syndication/thread/1.0">
    <id>info:fedora/alvin-place:24/METADATA/2018-01-23T14:42:36.868Z</id>
    <title type="text">METADATA.6</title>
    <updated>2018-01-23T14:42:36.868Z</updated>
    <thr:in-reply-to ref="info:fedora/alvin-place:24/METADATA"></thr:in-reply-to>
    <category term="Lund" scheme="info:fedora/fedora-system:def/model#label"></category>
    <category term="SHA-512" scheme="info:fedora/fedora-system:def/model#digestType"></category>
    <category term="b94f3c0bbd70d89ecf994b66b546e4ca2064d9b8b4509008dcc50b56d9c3c92e21bb8ae86b0256f3a9819a2669b66eed0800bc327088f4b58ee859e23d060266" scheme="info:fedora/fedora-system:def/model#digest"></category>
    <category term="3820" scheme="info:fedora/fedora-system:def/model#length"></category>
    <summary type="text">METADATA.6</summary>
    <content type="text/xml" src="METADATA.6.xml"></content>
  </entry>
  <entry>
    <id>info:fedora/alvin-place:24/SOURCE_XML</id>
    <title type="text">SOURCE_XML</title>
    <updated>2016-10-13T06:55:11.463Z</updated>
    <link href="info:fedora/alvin-place:24/SOURCE_XML/2016-10-13T06:55:11.463Z" rel="alternate"></link>
    <category term="A" scheme="info:fedora/fedora-system:def/model#state"></category>
    <category term="M" scheme="info:fedora/fedora-system:def/model#controlGroup"></category>
    <category term="true" scheme="info:fedora/fedora-system:def/model#versionable"></category>
  </entry>
  <entry xmlns:thr="http://purl.org/syndication/thread/1.0">
    <id>info:fedora/alvin-place:24/SOURCE_XML/2016-10-13T06:55:11.463Z</id>
    <title type="text">SOURCE_XML.0</title>
    <updated>2016-10-13T06:55:11.463Z</updated>
    <thr:in-reply-to ref="info:fedora/alvin-place:24/SOURCE_XML"></thr:in-reply-to>
    <category term="Waller original XML" scheme="info:fedora/fedora-system:def/model#label"></category>
    <category term="SHA-256" scheme="info:fedora/fedora-system:def/model#digestType"></category>
    <category term="8130df6f12992829124f21ca9a6f5be249c3aa669a340f921490ceea242a4f71" scheme="info:fedora/fedora-system:def/model#digest"></category>
    <category term="115" scheme="info:fedora/fedora-system:def/model#length"></category>
    <summary type="text">SOURCE_XML.0</summary>
    <content type="text/xml" src="SOURCE_XML.0.xml"></content>
  </entry>
  <entry>
    <id>info:fedora/alvin-place:24/AUDIT</id>
    <title type="text">AUDIT</title>
    <updated>2014-12-18T22:16:44.837Z</updated>
    <category term="A" scheme="info:fedora/fedora-system:def/model#state"></category>
    <category term="X" scheme="info:fedora/fedora-system:def/model#controlGroup"></category>
    <category term="false" scheme="info:fedora/fedora-system:def/model#versionable"></category>
    <link href="info:fedora/alvin-place:24/AUDIT/2014-12-18T22:16:44.837Z" rel="alternate"></link>
  </entry>
  <entry xmlns:thr="http://purl.org/syndication/thread/1.0">
    <id>info:fedora/alvin-place:24/AUDIT/2014-12-18T22:16:44.837Z</id>
    <title type="text">AUDIT.0</title>
    <updated>2014-12-18T22:16:44.837Z</updated>
    <thr:in-reply-to ref="info:fedora/alvin-place:24/AUDIT"></thr:in-reply-to>
    <category term="info:fedora/fedora-system:format/xml.fedora.audit" scheme="info:fedora/fedora-system:def/model#formatURI"></category>
    <category term="Audit Trail for this object" scheme="info:fedora/fedora-system:def/model#label"></category>
    <summary type="text">AUDIT.0</summary>
    <content type="text/xml" src="AUDIT.0.xml"></content>
  </entry>
</feed>