<?xml version="1.0" encoding="UTF-8"?>
<feed xmlns="http://www.w3.org/2005/Atom">
  <id>info:fedora/alvin-place:24</id>
  <title type="text">Lund</title>
  <updated>2018-02-13T09:13:45.919Z</updated>
  <author>
    <name>fedoraAdmin</name>
  </author>
  <category term="Active" scheme="info:fedora/fedora-system:def/model#state"></category>
  <category term="2014-12-18T22:16:44.837Z" scheme="info:fedora/fedora-system:def/model#createdDate"></category>
  <icon>http://www.fedora-commons.org/images/logo_vertical_transparent_200_251.png</icon>
  <entry>
    <id>info:fedora/alvin-place:24/DC</id>
    <title type="text">DC</title>
    <updated>2014-12-18T22:16:44.837Z</updated>
    <link href="info:fedora/alvin-place:24/DC/2014-12-18T22:16:44.837Z" rel="alternate"></link>
    <category term="A" scheme="info:fedora/fedora-system:def/model#state"></category>
    <category term="X" scheme="info:fedora/fedora-system:def/model#controlGroup"></category>
    <category term="true" scheme="info:fedora/fedora-system:def/model#versionable"></category>
  </entry>
  <entry xmlns:thr="http://purl.org/syndication/thread/1.0">
    <id>info:fedora/alvin-place:24/DC/2014-12-18T22:16:44.837Z</id>
    <title type="text">DC1.0</title>
    <updated>2014-12-18T22:16:44.837Z</updated>
    <thr:in-reply-to ref="info:fedora/alvin-place:24/DC"></thr:in-reply-to>
    <category term="http://www.openarchives.org/OAI/2.0/oai_dc/" scheme="info:fedora/fedora-system:def/model#formatURI"></category>
    <category term="Dublin Core Record for this object" scheme="info:fedora/fedora-system:def/model#label"></category>
    <category term="371" scheme="info:fedora/fedora-system:def/model#length"></category>
    <summary type="text">DC1.0</summary>
    <content type="text/xml" src="DC1.0.xml"></content>
  </entry>
  <entry>
    <id>info:fedora/alvin-place:24/RELS-EXT</id>
    <title type="text">RELS-EXT</title>
    <updated>2014-12-18T22:16:44.901Z</updated>
    <link href="info:fedora/alvin-place:24/RELS-EXT/2014-12-18T22:16:44.901Z" rel="alternate"></link>
    <category term="A" scheme="info:fedora/fedora-system:def/model#state"></category>
    <category term="X" scheme="info:fedora/fedora-system:def/model#controlGroup"></category>
    <category term="false" scheme="info:fedora/fedora-system:def/model#versionable"></category>
  </entry>
  <entry xmlns:thr="http://purl.org/syndication/thread/1.0">
    <id>info:fedora/alvin-place:24/RELS-EXT/2014-12-18T22:16:44.901Z</id>
    <title type="text">RELS-EXT.0</title>
    <updated>2014-12-18T22:16:44.901Z</updated>
    <thr:in-reply-to ref="info:fedora/alvin-place:24/RELS-EXT"></thr:in-reply-to>
    <category term="info:fedora/fedora-system:FedoraRELSExt-1.0" scheme="info:fedora/fedora-system:def/model#formatURI"></category>
    <category term="Relationships" scheme="info:fedora/fedora-system:def/model#label"></category>
    <category term="269" scheme="info:fedora/fedora-system:def/model#length"></category>
    <summary type="text">RELS-EXT.0</summary>
    <content type="application/rdf+xml" src="RELS-EXT.0.xml"></content>
  </entry>
  <entry>
    <id>info:fedora/alvin-place:24/METADATA</id>
    <title type="text">METADATA</title>
    <updated>2018-02-13T09:13:35.905Z</updated>
    <link href="info:fedora/alvin-place:24/METADATA/2018-02-13T09:13:35.905Z" rel="alternate"></link>
    <category term="A" scheme="info:fedora/fedora-system:def/model#state"></category>
    <category term="M" scheme="info:fedora/fedora-system:def/model#controlGroup"></category>
    <category term="true" scheme="info:fedora/fedora-system:def/model#versionable"></category>
  </entry>
  <entry xmlns:thr="http://purl.org/syndication/thread/1.0">
    <id>info:fedora/alvin-place:24/METADATA/2018-02-13T09:13:35.905Z</id>
    <title type="text">METADATA.7</title>
    <updated>2018-02-13T09:13:35.905Z</updated>
    <thr:in-reply-to ref="info:fedora/alvin-place:24/METADATA"></thr:in-reply-to>
    <category term="Lund" scheme="info:fedora/fedora-system:def/model#label"></category>
    <category term="SHA-512" scheme="info:fedora/fedora-system:def/model#digestType"></category>
    <category term="991244642036872b7f00f6680f552c016ce13a12a81dcbc03dfabb9db9faa0765432a1321465e1fd13bc64a81a04281ad5359f5fd3244af42b3789d3850b8390" scheme="info:fedora/fedora-system:def/model#digest"></category>
    <category term="3794" scheme="info:fedora/fedora-system:def/model#length"></category>
    <summary type="text">METADATA.7</summary>
    <content type="text/xml" src="METADATA.7.xml"></content>
  </entry>
  <entry>
    <id>info:fedora/alvin-place:24/SOURCE_XML</id>
    <title type="text">SOURCE_XML</title>
    <updated>2016-10-13T06:55:11.463Z</updated>
    <link href="info:fedora/alvin-place:24/SOURCE_XML/2016-10-13T06:55:11.463Z" rel="alternate"></link>
    <category term="A" scheme="info:fedora/fedora-system:def/model#state"></category>
    <category term="M" scheme="info:fedora/fedora-system:def/model#controlGroup"></category>
    <category term="true" scheme="info:fedora/fedora-system:def/model#versionable"></category>
  </entry>
  <entry xmlns:thr="http://purl.org/syndication/thread/1.0">
    <id>info:fedora/alvin-place:24/SOURCE_XML/2016-10-13T06:55:11.463Z</id>
    <title type="text">SOURCE_XML.0</title>
    <updated>2016-10-13T06:55:11.463Z</updated>
    <thr:in-reply-to ref="info:fedora/alvin-place:24/SOURCE_XML"></thr:in-reply-to>
    <category term="Waller original XML" scheme="info:fedora/fedora-system:def/model#label"></category>
    <category term="SHA-256" scheme="info:fedora/fedora-system:def/model#digestType"></category>
    <category term="8130df6f12992829124f21ca9a6f5be249c3aa669a340f921490ceea242a4f71" scheme="info:fedora/fedora-system:def/model#digest"></category>
    <category term="115" scheme="info:fedora/fedora-system:def/model#length"></category>
    <summary type="text">SOURCE_XML.0</summary>
    <content type="text/xml" src="SOURCE_XML.0.xml"></content>
  </entry>
  <entry>
    <id>info:fedora/alvin-place:24/AUDIT</id>
    <title type="text">AUDIT</title>
    <updated>2014-12-18T22:16:44.837Z</updated>
    <category term="A" scheme="info:fedora/fedora-system:def/model#state"></category>
    <category term="X" scheme="info:fedora/fedora-system:def/model#controlGroup"></category>
    <category term="false" scheme="info:fedora/fedora-system:def/model#versionable"></category>
    <link href="info:fedora/alvin-place:24/AUDIT/2014-12-18T22:16:44.837Z" rel="alternate"></link>
  </entry>
  <entry xmlns:thr="http://purl.org/syndication/thread/1.0">
    <id>info:fedora/alvin-place:24/AUDIT/2014-12-18T22:16:44.837Z</id>
    <title type="text">AUDIT.0</title>
    <updated>2014-12-18T22:16:44.837Z</updated>
    <thr:in-reply-to ref="info:fedora/alvin-place:24/AUDIT"></thr:in-reply-to>
    <category term="info:fedora/fedora-system:format/xml.fedora.audit" scheme="info:fedora/fedora-system:def/model#formatURI"></category>
    <category term="Audit Trail for this object" scheme="info:fedora/fedora-system:def/model#label"></category>
    <summary type="text">AUDIT.0</summary>
    <content type="text/xml" src="AUDIT.0.xml"></content>
  </entry>
</feed>