<audit:auditTrail xmlns:audit="info:fedora/fedora-system:def/audit#">
<audit:record ID="AUDREC1">
<audit:process type="Fedora API-M"/>
<audit:action>addDatastream</audit:action>
<audit:componentID>METADATA</audit:componentID>
<audit:responsibility>fedoraAdmin</audit:responsibility>
<audit:date>2014-12-18T22:16:44.919Z</audit:date>
<audit:justification>PLACE_CREATED</audit:justification>
</audit:record>
<audit:record ID="AUDREC2">
<audit:process type="Fedora API-M"/>
<audit:action>modifyDatastreamByReference</audit:action>
<audit:componentID>METADATA</audit:componentID>
<audit:responsibility>fedoraAdmin</audit:responsibility>
<audit:date>2014-12-18T22:18:01.579Z</audit:date>
<audit:justification>PLACE_UPDATED</audit:justification>
</audit:record>
<audit:record ID="AUDREC3">
<audit:process type="Fedora API-M"/>
<audit:action>modifyDatastreamByReference</audit:action>
<audit:componentID>METADATA</audit:componentID>
<audit:responsibility>fedoraAdmin</audit:responsibility>
<audit:date>2016-02-12T10:29:43.512Z</audit:date>
<audit:justification>PLACE_UPDATED</audit:justification>
</audit:record>
<audit:record ID="AUDREC4">
<audit:process type="Fedora API-M"/>
<audit:action>modifyDatastreamByReference</audit:action>
<audit:componentID>METADATA</audit:componentID>
<audit:responsibility>fedoraAdmin</audit:responsibility>
<audit:date>2016-03-03T17:03:20.629Z</audit:date>
<audit:justification>PLACE_CONVERTED</audit:justification>
</audit:record>
<audit:record ID="AUDREC5">
<audit:process type="Fedora API-M"/>
<audit:action>modifyDatastreamByReference</audit:action>
<audit:componentID>METADATA</audit:componentID>
<audit:responsibility>fedoraAdmin</audit:responsibility>
<audit:date>2016-10-13T06:53:37.337Z</audit:date>
<audit:justification>Added waller identifier</audit:justification>
</audit:record>
<audit:record ID="AUDREC6">
<audit:process type="Fedora API-M"/>
<audit:action>addDatastream</audit:action>
<audit:componentID>SOURCE_XML</audit:componentID>
<audit:responsibility>fedoraAdmin</audit:responsibility>
<audit:date>2016-10-13T06:55:11.463Z</audit:date>
<audit:justification>DatastreamsPane generated this logMessage.</audit:justification>
</audit:record>
<audit:record ID="AUDREC7">
<audit:process type="Fedora API-M"/>
<audit:action>modifyDatastreamByReference</audit:action>
<audit:componentID>METADATA</audit:componentID>
<audit:responsibility>fedoraAdmin</audit:responsibility>
<audit:date>2016-10-13T06:58:35.120Z</audit:date>
<audit:justification></audit:justification>
</audit:record>
<audit:record ID="AUDREC8">
<audit:process type="Fedora API-M"/>
<audit:action>ingest</audit:action>
<audit:componentID></audit:componentID>
<audit:responsibility>fedoraAdmin</audit:responsibility>
<audit:date>2018-01-23T14:41:17.471Z</audit:date>
<audit:justification>Ingested from local file /home/uwek/Workspaces/git/groups/cora/alvin-cora-docker-fedora/docker/places/alvin-place_24.zip</audit:justification>
</audit:record>
<audit:record ID="AUDREC9">
<audit:process type="Fedora API-M"/>
<audit:action>modifyDatastreamByReference</audit:action>
<audit:componentID>METADATA</audit:componentID>
<audit:responsibility>fedoraAdmin</audit:responsibility>
<audit:date>2018-01-23T14:42:36.868Z</audit:date>
<audit:justification></audit:justification>
</audit:record>
</audit:auditTrail>
