<audit:auditTrail xmlns:audit="info:fedora/fedora-system:def/audit#">
<audit:record ID="AUDREC1">
<audit:process type="Fedora API-M"/>
<audit:action>addDatastream</audit:action>
<audit:componentID>METADATA</audit:componentID>
<audit:responsibility>fedoraAdmin</audit:responsibility>
<audit:date>2014-12-18T22:16:44.919Z</audit:date>
<audit:justification>PLACE_CREATED</audit:justification>
</audit:record>
<audit:record ID="AUDREC2">
<audit:process type="Fedora API-M"/>
<audit:action>modifyDatastreamByReference</audit:action>
<audit:componentID>METADATA</audit:componentID>
<audit:responsibility>fedoraAdmin</audit:responsibility>
<audit:date>2014-12-18T22:18:01.579Z</audit:date>
<audit:justification>PLACE_UPDATED</audit:justification>
</audit:record>
<audit:record ID="AUDREC3">
<audit:process type="Fedora API-M"/>
<audit:action>modifyDatastreamByReference</audit:action>
<audit:componentID>METADATA</audit:componentID>
<audit:responsibility>fedoraAdmin</audit:responsibility>
<audit:date>2016-02-12T10:29:43.512Z</audit:date>
<audit:justification>PLACE_UPDATED</audit:justification>
</audit:record>
<audit:record ID="AUDREC4">
<audit:process type="Fedora API-M"/>
<audit:action>modifyDatastreamByReference</audit:action>
<audit:componentID>METADATA</audit:componentID>
<audit:responsibility>fedoraAdmin</audit:responsibility>
<audit:date>2016-03-03T17:03:20.629Z</audit:date>
<audit:justification>PLACE_CONVERTED</audit:justification>
</audit:record>
<audit:record ID="AUDREC5">
<audit:process type="Fedora API-M"/>
<audit:action>modifyDatastreamByReference</audit:action>
<audit:componentID>METADATA</audit:componentID>
<audit:responsibility>fedoraAdmin</audit:responsibility>
<audit:date>2016-10-13T06:53:37.337Z</audit:date>
<audit:justification>Added waller identifier</audit:justification>
</audit:record>
<audit:record ID="AUDREC6">
<audit:process type="Fedora API-M"/>
<audit:action>addDatastream</audit:action>
<audit:componentID>SOURCE_XML</audit:componentID>
<audit:responsibility>fedoraAdmin</audit:responsibility>
<audit:date>2016-10-13T06:55:11.463Z</audit:date>
<audit:justification>DatastreamsPane generated this logMessage.</audit:justification>
</audit:record>
<audit:record ID="AUDREC7">
<audit:process type="Fedora API-M"/>
<audit:action>modifyDatastreamByReference</audit:action>
<audit:componentID>METADATA</audit:componentID>
<audit:responsibility>fedoraAdmin</audit:responsibility>
<audit:date>2016-10-13T06:58:35.120Z</audit:date>
<audit:justification></audit:justification>
</audit:record>
<audit:record ID="AUDREC8">
<audit:process type="Fedora API-M"/>
<audit:action>ingest</audit:action>
<audit:componentID></audit:componentID>
<audit:responsibility>fedoraAdmin</audit:responsibility>
<audit:date>2018-01-23T14:41:17.471Z</audit:date>
<audit:justification>Ingested from local file /home/uwek/Workspaces/git/groups/cora/alvin-cora-docker-fedora/docker/places/alvin-place_24.zip</audit:justification>
</audit:record>
<audit:record ID="AUDREC9">
<audit:process type="Fedora API-M"/>
<audit:action>modifyDatastreamByReference</audit:action>
<audit:componentID>METADATA</audit:componentID>
<audit:responsibility>fedoraAdmin</audit:responsibility>
<audit:date>2018-01-23T14:42:36.868Z</audit:date>
<audit:justification></audit:justification>
</audit:record>
<audit:record ID="AUDREC10">
<audit:process type="Fedora API-M"/>
<audit:action>ingest</audit:action>
<audit:componentID></audit:componentID>
<audit:responsibility>fedoraAdmin</audit:responsibility>
<audit:date>2018-02-13T09:04:05.203Z</audit:date>
<audit:justification>Ingested from local file import/alvin-place_24.zip</audit:justification>
</audit:record>
<audit:record ID="AUDREC11">
<audit:process type="Fedora API-M"/>
<audit:action>modifyDatastreamByReference</audit:action>
<audit:componentID>METADATA</audit:componentID>
<audit:responsibility>fedoraAdmin</audit:responsibility>
<audit:date>2018-02-13T09:13:35.905Z</audit:date>
<audit:justification></audit:justification>
</audit:record>
<audit:record ID="AUDREC12">
<audit:process type="Fedora API-M"/>
<audit:action>purgeDatastream</audit:action>
<audit:componentID>METADATA</audit:componentID>
<audit:responsibility>fedoraAdmin</audit:responsibility>
<audit:date>2018-02-13T09:13:45.919Z</audit:date>
<audit:justification>DatastreamPane generated this logMessage. . . . Purged datastream (ID=METADATA), versions ranging from 2014-12-18T23:16:44.919Z to 2018-01-23T15:42:36.868Z.  This resulted in the permanent removal of 7 datastream version(s) (2014-12-18T23:16:44.919Z, 2014-12-18T23:18:01.579Z, 2016-02-12T11:29:43.512Z, 2016-03-03T18:03:20.629Z, 2016-10-13T08:53:37.337Z, 2016-10-13T08:58:35.120Z, 2018-01-23T15:42:36.868Z) and all associated audit records.</audit:justification>
</audit:record>
<audit:record ID="AUDREC13">
<audit:process type="Fedora API-M"/>
<audit:action>ingest</audit:action>
<audit:componentID></audit:componentID>
<audit:responsibility>fedoraAdmin</audit:responsibility>
<audit:date>2019-04-03T08:45:09.318Z</audit:date>
<audit:justification>Ingested from local file import/alvin-place_24.zip</audit:justification>
</audit:record>
<audit:record ID="AUDREC14">
<audit:process type="Fedora API-M"/>
<audit:action>modifyObject</audit:action>
<audit:componentID></audit:componentID>
<audit:responsibility>fedoraAdmin</audit:responsibility>
<audit:date>2019-04-03T10:22:49.256Z</audit:date>
<audit:justification>Test delete</audit:justification>
</audit:record>
</audit:auditTrail>
