<place id="1"><pid>alvin-place:24</pid><dsId>METADATA</dsId><recordInfo id="2"><externalDs>false</externalDs><lastAction>UPDATED</lastAction><created id="3"><date id="4">2014-12-18 22:16:44.623 UTC</date><dateInStorage id="5">2014-12-18 22:16:44.919 UTC</dateInStorage><user class="seamUser" id="6"><lastUpdated class="sql-timestamp" id="7">2014-04-17 08:12:52.806</lastUpdated><id>1</id><userId>stand516</userId><domain>uu</domain><firstName>Stefan</firstName><lastName>Andersson</lastName><email>Stefan.Andersson@ub.uu.se</email></user><note>Place created through web gui</note><type>CREATED</type></created><updated id="8"><userAction reference="3"/><userAction id="9"><date id="10">2014-12-18 22:18:01.276 UTC</date><user class="seamUser" id="11"><lastUpdated class="sql-timestamp" id="12">2014-04-17 08:12:52.806</lastUpdated><id>1</id><userId>stand516</userId><domain>uu</domain><firstName>Stefan</firstName><lastName>Andersson</lastName><email>Stefan.Andersson@ub.uu.se</email></user><note>Place updated through web gui</note><type>UPDATED</type></userAction></updated></recordInfo><country id="13"><lastUpdated class="sql-timestamp" id="14">2014-04-17 08:12:48.8</lastUpdated><defaultName>Sverige</defaultName><localisedNames id="15"><entry><string>en</string><string>Sweden</string></entry></localisedNames><alpha2Code>SE</alpha2Code><alpha3Code>SWE</alpha3Code><numericalCode>752</numericalCode><marcCode>sw</marcCode></country><regions id="16"/><defaultPlaceName id="17"><deleted>false</deleted><name>Lund</name></defaultPlaceName><placeNameForms id="18"><entry><string>alvin-place:24:0</string><placeNameForm id="19"><id>alvin-place:24:0</id><deleted>false</deleted><name>Londini Gothorum</name><language id="20"><lastUpdated class="sql-timestamp" id="21">2014-04-17 08:12:51.134</lastUpdated><defaultName>Latin</defaultName><localisedNames id="22"><entry><string>en</string><string>Latin</string></entry></localisedNames><alpha3Code>lat</alpha3Code><alpha2Code>la</alpha2Code></language></placeNameForm></entry></placeNameForms><identifiers id="23"/><localIdentifiers id="24"/><longitude>13.18</longitude><latitude>55.7</latitude></place>