<?xml version="1.0" encoding="UTF-8"?>
<feed xmlns="http://www.w3.org/2005/Atom">
  <id>info:fedora/alvin-place:15</id>
  <title type="text">Rom</title>
  <updated>2018-02-13T09:15:56.049Z</updated>
  <author>
    <name>fedoraAdmin</name>
  </author>
  <category term="Active" scheme="info:fedora/fedora-system:def/model#state"></category>
  <category term="2014-12-05T07:05:18.082Z" scheme="info:fedora/fedora-system:def/model#createdDate"></category>
  <icon>http://www.fedora-commons.org/images/logo_vertical_transparent_200_251.png</icon>
  <entry>
    <id>info:fedora/alvin-place:15/DC</id>
    <title type="text">DC</title>
    <updated>2014-12-05T07:05:18.082Z</updated>
    <link href="info:fedora/alvin-place:15/DC/2014-12-05T07:05:18.082Z" rel="alternate"></link>
    <category term="A" scheme="info:fedora/fedora-system:def/model#state"></category>
    <category term="X" scheme="info:fedora/fedora-system:def/model#controlGroup"></category>
    <category term="true" scheme="info:fedora/fedora-system:def/model#versionable"></category>
  </entry>
  <entry xmlns:thr="http://purl.org/syndication/thread/1.0">
    <id>info:fedora/alvin-place:15/DC/2014-12-05T07:05:18.082Z</id>
    <title type="text">DC1.0</title>
    <updated>2014-12-05T07:05:18.082Z</updated>
    <thr:in-reply-to ref="info:fedora/alvin-place:15/DC"></thr:in-reply-to>
    <category term="http://www.openarchives.org/OAI/2.0/oai_dc/" scheme="info:fedora/fedora-system:def/model#formatURI"></category>
    <category term="Dublin Core Record for this object" scheme="info:fedora/fedora-system:def/model#label"></category>
    <category term="370" scheme="info:fedora/fedora-system:def/model#length"></category>
    <summary type="text">DC1.0</summary>
    <content type="text/xml" src="DC1.0.xml"></content>
  </entry>
  <entry>
    <id>info:fedora/alvin-place:15/RELS-EXT</id>
    <title type="text">RELS-EXT</title>
    <updated>2014-12-05T07:05:18.120Z</updated>
    <link href="info:fedora/alvin-place:15/RELS-EXT/2014-12-05T07:05:18.120Z" rel="alternate"></link>
    <category term="A" scheme="info:fedora/fedora-system:def/model#state"></category>
    <category term="X" scheme="info:fedora/fedora-system:def/model#controlGroup"></category>
    <category term="false" scheme="info:fedora/fedora-system:def/model#versionable"></category>
  </entry>
  <entry xmlns:thr="http://purl.org/syndication/thread/1.0">
    <id>info:fedora/alvin-place:15/RELS-EXT/2014-12-05T07:05:18.120Z</id>
    <title type="text">RELS-EXT.0</title>
    <updated>2014-12-05T07:05:18.120Z</updated>
    <thr:in-reply-to ref="info:fedora/alvin-place:15/RELS-EXT"></thr:in-reply-to>
    <category term="info:fedora/fedora-system:FedoraRELSExt-1.0" scheme="info:fedora/fedora-system:def/model#formatURI"></category>
    <category term="Relationships" scheme="info:fedora/fedora-system:def/model#label"></category>
    <category term="269" scheme="info:fedora/fedora-system:def/model#length"></category>
    <summary type="text">RELS-EXT.0</summary>
    <content type="application/rdf+xml" src="RELS-EXT.0.xml"></content>
  </entry>
  <entry>
    <id>info:fedora/alvin-place:15/METADATA</id>
    <title type="text">METADATA</title>
    <updated>2018-02-13T09:15:49.955Z</updated>
    <link href="info:fedora/alvin-place:15/METADATA/2018-02-13T09:15:49.955Z" rel="alternate"></link>
    <category term="A" scheme="info:fedora/fedora-system:def/model#state"></category>
    <category term="M" scheme="info:fedora/fedora-system:def/model#controlGroup"></category>
    <category term="true" scheme="info:fedora/fedora-system:def/model#versionable"></category>
  </entry>
  <entry xmlns:thr="http://purl.org/syndication/thread/1.0">
    <id>info:fedora/alvin-place:15/METADATA/2018-02-13T09:15:49.955Z</id>
    <title type="text">METADATA.5</title>
    <updated>2018-02-13T09:15:49.955Z</updated>
    <thr:in-reply-to ref="info:fedora/alvin-place:15/METADATA"></thr:in-reply-to>
    <category term="Rom" scheme="info:fedora/fedora-system:def/model#label"></category>
    <category term="SHA-512" scheme="info:fedora/fedora-system:def/model#digestType"></category>
    <category term="c52462f7b5b57a09efccacb52931214b3656058099186a5fe80183d85732d9c5682291b604d0bb919483556997792cb027c77218d1ca405764372b1256a2d6fc" scheme="info:fedora/fedora-system:def/model#digest"></category>
    <category term="4005" scheme="info:fedora/fedora-system:def/model#length"></category>
    <summary type="text">METADATA.5</summary>
    <content type="text/xml" src="METADATA.5.xml"></content>
  </entry>
  <entry>
    <id>info:fedora/alvin-place:15/AUDIT</id>
    <title type="text">AUDIT</title>
    <updated>2014-12-05T07:05:18.082Z</updated>
    <category term="A" scheme="info:fedora/fedora-system:def/model#state"></category>
    <category term="X" scheme="info:fedora/fedora-system:def/model#controlGroup"></category>
    <category term="false" scheme="info:fedora/fedora-system:def/model#versionable"></category>
    <link href="info:fedora/alvin-place:15/AUDIT/2014-12-05T07:05:18.082Z" rel="alternate"></link>
  </entry>
  <entry xmlns:thr="http://purl.org/syndication/thread/1.0">
    <id>info:fedora/alvin-place:15/AUDIT/2014-12-05T07:05:18.082Z</id>
    <title type="text">AUDIT.0</title>
    <updated>2014-12-05T07:05:18.082Z</updated>
    <thr:in-reply-to ref="info:fedora/alvin-place:15/AUDIT"></thr:in-reply-to>
    <category term="info:fedora/fedora-system:format/xml.fedora.audit" scheme="info:fedora/fedora-system:def/model#formatURI"></category>
    <category term="Audit Trail for this object" scheme="info:fedora/fedora-system:def/model#label"></category>
    <summary type="text">AUDIT.0</summary>
    <content type="text/xml" src="AUDIT.0.xml"></content>
  </entry>
</feed>