<?xml version="1.0" encoding="UTF-8"?>
<feed xmlns="http://www.w3.org/2005/Atom">
  <id>info:fedora/alvin-place:15</id>
  <title type="text">Rom</title>
  <updated>2018-01-23T14:40:30.662Z</updated>
  <author>
    <name>fedoraAdmin</name>
  </author>
  <category term="Active" scheme="info:fedora/fedora-system:def/model#state"></category>
  <category term="2014-12-05T07:05:18.082Z" scheme="info:fedora/fedora-system:def/model#createdDate"></category>
  <icon>http://www.fedora-commons.org/images/logo_vertical_transparent_200_251.png</icon>
  <entry>
    <id>info:fedora/alvin-place:15/DC</id>
    <title type="text">DC</title>
    <updated>2014-12-05T07:05:18.082Z</updated>
    <link href="info:fedora/alvin-place:15/DC/2014-12-05T07:05:18.082Z" rel="alternate"></link>
    <category term="A" scheme="info:fedora/fedora-system:def/model#state"></category>
    <category term="X" scheme="info:fedora/fedora-system:def/model#controlGroup"></category>
    <category term="true" scheme="info:fedora/fedora-system:def/model#versionable"></category>
  </entry>
  <entry xmlns:thr="http://purl.org/syndication/thread/1.0">
    <id>info:fedora/alvin-place:15/DC/2014-12-05T07:05:18.082Z</id>
    <title type="text">DC1.0</title>
    <updated>2014-12-05T07:05:18.082Z</updated>
    <thr:in-reply-to ref="info:fedora/alvin-place:15/DC"></thr:in-reply-to>
    <category term="http://www.openarchives.org/OAI/2.0/oai_dc/" scheme="info:fedora/fedora-system:def/model#formatURI"></category>
    <category term="Dublin Core Record for this object" scheme="info:fedora/fedora-system:def/model#label"></category>
    <category term="370" scheme="info:fedora/fedora-system:def/model#length"></category>
    <summary type="text">DC1.0</summary>
    <content type="text/xml" src="DC1.0.xml"></content>
  </entry>
  <entry>
    <id>info:fedora/alvin-place:15/RELS-EXT</id>
    <title type="text">RELS-EXT</title>
    <updated>2014-12-05T07:05:18.120Z</updated>
    <link href="info:fedora/alvin-place:15/RELS-EXT/2014-12-05T07:05:18.120Z" rel="alternate"></link>
    <category term="A" scheme="info:fedora/fedora-system:def/model#state"></category>
    <category term="X" scheme="info:fedora/fedora-system:def/model#controlGroup"></category>
    <category term="false" scheme="info:fedora/fedora-system:def/model#versionable"></category>
  </entry>
  <entry xmlns:thr="http://purl.org/syndication/thread/1.0">
    <id>info:fedora/alvin-place:15/RELS-EXT/2014-12-05T07:05:18.120Z</id>
    <title type="text">RELS-EXT.0</title>
    <updated>2014-12-05T07:05:18.120Z</updated>
    <thr:in-reply-to ref="info:fedora/alvin-place:15/RELS-EXT"></thr:in-reply-to>
    <category term="info:fedora/fedora-system:FedoraRELSExt-1.0" scheme="info:fedora/fedora-system:def/model#formatURI"></category>
    <category term="Relationships" scheme="info:fedora/fedora-system:def/model#label"></category>
    <category term="269" scheme="info:fedora/fedora-system:def/model#length"></category>
    <summary type="text">RELS-EXT.0</summary>
    <content type="application/rdf+xml" src="RELS-EXT.0.xml"></content>
  </entry>
  <entry>
    <id>info:fedora/alvin-place:15/METADATA</id>
    <title type="text">METADATA</title>
    <updated>2018-01-23T14:40:30.662Z</updated>
    <link href="info:fedora/alvin-place:15/METADATA/2018-01-23T14:40:30.662Z" rel="alternate"></link>
    <category term="A" scheme="info:fedora/fedora-system:def/model#state"></category>
    <category term="M" scheme="info:fedora/fedora-system:def/model#controlGroup"></category>
    <category term="true" scheme="info:fedora/fedora-system:def/model#versionable"></category>
  </entry>
  <entry xmlns:thr="http://purl.org/syndication/thread/1.0">
    <id>info:fedora/alvin-place:15/METADATA/2014-12-05T07:05:18.137Z</id>
    <title type="text">METADATA.0</title>
    <updated>2014-12-05T07:05:18.137Z</updated>
    <thr:in-reply-to ref="info:fedora/alvin-place:15/METADATA"></thr:in-reply-to>
    <category term="Rom" scheme="info:fedora/fedora-system:def/model#label"></category>
    <category term="SHA-512" scheme="info:fedora/fedora-system:def/model#digestType"></category>
    <category term="e692483bf5568a251db6f284a53ef7f26acf36bfcede4ed61a6cd00273a0e7d9d549ea2a18d80f20a382ce91d63a2bc34205527366ae5185726897d5c0df1507" scheme="info:fedora/fedora-system:def/model#digest"></category>
    <category term="747" scheme="info:fedora/fedora-system:def/model#length"></category>
    <summary type="text">METADATA.0</summary>
    <content type="text/xml" src="METADATA.0.xml"></content>
  </entry>
  <entry xmlns:thr="http://purl.org/syndication/thread/1.0">
    <id>info:fedora/alvin-place:15/METADATA/2014-12-05T07:06:54.715Z</id>
    <title type="text">METADATA.1</title>
    <updated>2014-12-05T07:06:54.715Z</updated>
    <thr:in-reply-to ref="info:fedora/alvin-place:15/METADATA"></thr:in-reply-to>
    <category term="Rom" scheme="info:fedora/fedora-system:def/model#label"></category>
    <category term="SHA-512" scheme="info:fedora/fedora-system:def/model#digestType"></category>
    <category term="3a1ac57a503ad9eb01faf5219f1ae78beb3442127aebf2253a990fea62d0af2b71dcad0be001af86a36ee7bc8a7997e8fe693f268c01d554d78ae1fc5efb988b" scheme="info:fedora/fedora-system:def/model#digest"></category>
    <category term="2169" scheme="info:fedora/fedora-system:def/model#length"></category>
    <summary type="text">METADATA.1</summary>
    <content type="text/xml" src="METADATA.1.xml"></content>
  </entry>
  <entry xmlns:thr="http://purl.org/syndication/thread/1.0">
    <id>info:fedora/alvin-place:15/METADATA/2015-04-14T12:03:35.127Z</id>
    <title type="text">METADATA.2</title>
    <updated>2015-04-14T12:03:35.127Z</updated>
    <thr:in-reply-to ref="info:fedora/alvin-place:15/METADATA"></thr:in-reply-to>
    <category term="Rom" scheme="info:fedora/fedora-system:def/model#label"></category>
    <category term="SHA-512" scheme="info:fedora/fedora-system:def/model#digestType"></category>
    <category term="63a4dfadea03d8fac06a3ca6875c5cb2aace508961d3a749378f4ad0a25f0d79aa63363697971fa75005b1b20fe2d96a1d9f14fdb4debfa23667d5941172f229" scheme="info:fedora/fedora-system:def/model#digest"></category>
    <category term="3074" scheme="info:fedora/fedora-system:def/model#length"></category>
    <summary type="text">METADATA.2</summary>
    <content type="text/xml" src="METADATA.2.xml"></content>
  </entry>
  <entry xmlns:thr="http://purl.org/syndication/thread/1.0">
    <id>info:fedora/alvin-place:15/METADATA/2016-03-03T17:03:07.840Z</id>
    <title type="text">METADATA.3</title>
    <updated>2016-03-03T17:03:07.840Z</updated>
    <thr:in-reply-to ref="info:fedora/alvin-place:15/METADATA"></thr:in-reply-to>
    <category term="Rom" scheme="info:fedora/fedora-system:def/model#label"></category>
    <category term="SHA-512" scheme="info:fedora/fedora-system:def/model#digestType"></category>
    <category term="5595ee252219fbf5865b4830a0b7e6c1bbae37798405d0e9a02c01cd5974abdecf206f06197aca39f1a2bd4e9edf5aea68b65007f55bb030cdab937e0dffa133" scheme="info:fedora/fedora-system:def/model#digest"></category>
    <category term="3075" scheme="info:fedora/fedora-system:def/model#length"></category>
    <summary type="text">METADATA.3</summary>
    <content type="text/xml" src="METADATA.3.xml"></content>
  </entry>
  <entry xmlns:thr="http://purl.org/syndication/thread/1.0">
    <id>info:fedora/alvin-place:15/METADATA/2018-01-23T14:40:30.662Z</id>
    <title type="text">METADATA.4</title>
    <updated>2018-01-23T14:40:30.662Z</updated>
    <thr:in-reply-to ref="info:fedora/alvin-place:15/METADATA"></thr:in-reply-to>
    <category term="Rom" scheme="info:fedora/fedora-system:def/model#label"></category>
    <category term="SHA-512" scheme="info:fedora/fedora-system:def/model#digestType"></category>
    <category term="ef9ca759f56e140c7f03fd0ab858dcc9890cc290c27874e4cb898aaf58a587e0aaa06605616c07d0d2d051ce75e7ca4114320fddc6bf9f97dc17c0edb1b2c852" scheme="info:fedora/fedora-system:def/model#digest"></category>
    <category term="3990" scheme="info:fedora/fedora-system:def/model#length"></category>
    <summary type="text">METADATA.4</summary>
    <content type="text/xml" src="METADATA.4.xml"></content>
  </entry>
  <entry>
    <id>info:fedora/alvin-place:15/AUDIT</id>
    <title type="text">AUDIT</title>
    <updated>2014-12-05T07:05:18.082Z</updated>
    <category term="A" scheme="info:fedora/fedora-system:def/model#state"></category>
    <category term="X" scheme="info:fedora/fedora-system:def/model#controlGroup"></category>
    <category term="false" scheme="info:fedora/fedora-system:def/model#versionable"></category>
    <link href="info:fedora/alvin-place:15/AUDIT/2014-12-05T07:05:18.082Z" rel="alternate"></link>
  </entry>
  <entry xmlns:thr="http://purl.org/syndication/thread/1.0">
    <id>info:fedora/alvin-place:15/AUDIT/2014-12-05T07:05:18.082Z</id>
    <title type="text">AUDIT.0</title>
    <updated>2014-12-05T07:05:18.082Z</updated>
    <thr:in-reply-to ref="info:fedora/alvin-place:15/AUDIT"></thr:in-reply-to>
    <category term="info:fedora/fedora-system:format/xml.fedora.audit" scheme="info:fedora/fedora-system:def/model#formatURI"></category>
    <category term="Audit Trail for this object" scheme="info:fedora/fedora-system:def/model#label"></category>
    <summary type="text">AUDIT.0</summary>
    <content type="text/xml" src="AUDIT.0.xml"></content>
  </entry>
</feed>