<audit:auditTrail xmlns:audit="info:fedora/fedora-system:def/audit#">
<audit:record ID="AUDREC1">
<audit:process type="Fedora API-M"/>
<audit:action>addDatastream</audit:action>
<audit:componentID>METADATA</audit:componentID>
<audit:responsibility>fedoraAdmin</audit:responsibility>
<audit:date>2014-12-05T07:05:18.137Z</audit:date>
<audit:justification>PLACE_CREATED</audit:justification>
</audit:record>
<audit:record ID="AUDREC2">
<audit:process type="Fedora API-M"/>
<audit:action>modifyDatastreamByReference</audit:action>
<audit:componentID>METADATA</audit:componentID>
<audit:responsibility>fedoraAdmin</audit:responsibility>
<audit:date>2014-12-05T07:06:54.715Z</audit:date>
<audit:justification>PLACE_UPDATED</audit:justification>
</audit:record>
<audit:record ID="AUDREC3">
<audit:process type="Fedora API-M"/>
<audit:action>modifyDatastreamByReference</audit:action>
<audit:componentID>METADATA</audit:componentID>
<audit:responsibility>fedoraAdmin</audit:responsibility>
<audit:date>2015-04-14T12:03:35.127Z</audit:date>
<audit:justification>PLACE_UPDATED</audit:justification>
</audit:record>
<audit:record ID="AUDREC4">
<audit:process type="Fedora API-M"/>
<audit:action>modifyDatastreamByReference</audit:action>
<audit:componentID>METADATA</audit:componentID>
<audit:responsibility>fedoraAdmin</audit:responsibility>
<audit:date>2016-03-03T17:03:07.840Z</audit:date>
<audit:justification>PLACE_CONVERTED</audit:justification>
</audit:record>
<audit:record ID="AUDREC5">
<audit:process type="Fedora API-M"/>
<audit:action>ingest</audit:action>
<audit:componentID></audit:componentID>
<audit:responsibility>fedoraAdmin</audit:responsibility>
<audit:date>2018-01-23T14:39:01.516Z</audit:date>
<audit:justification>Ingested from local file /home/uwek/Workspaces/git/groups/cora/alvin-cora-docker-fedora/docker/places/alvin-place_15.zip</audit:justification>
</audit:record>
<audit:record ID="AUDREC6">
<audit:process type="Fedora API-M"/>
<audit:action>modifyDatastreamByReference</audit:action>
<audit:componentID>METADATA</audit:componentID>
<audit:responsibility>fedoraAdmin</audit:responsibility>
<audit:date>2018-01-23T14:40:30.662Z</audit:date>
<audit:justification></audit:justification>
</audit:record>
<audit:record ID="AUDREC7">
<audit:process type="Fedora API-M"/>
<audit:action>ingest</audit:action>
<audit:componentID></audit:componentID>
<audit:responsibility>fedoraAdmin</audit:responsibility>
<audit:date>2018-02-13T09:04:09.757Z</audit:date>
<audit:justification>Ingested from local file import/alvin-place_15.zip</audit:justification>
</audit:record>
<audit:record ID="AUDREC8">
<audit:process type="Fedora API-M"/>
<audit:action>modifyDatastreamByReference</audit:action>
<audit:componentID>METADATA</audit:componentID>
<audit:responsibility>fedoraAdmin</audit:responsibility>
<audit:date>2018-02-13T09:15:49.955Z</audit:date>
<audit:justification></audit:justification>
</audit:record>
<audit:record ID="AUDREC9">
<audit:process type="Fedora API-M"/>
<audit:action>purgeDatastream</audit:action>
<audit:componentID>METADATA</audit:componentID>
<audit:responsibility>fedoraAdmin</audit:responsibility>
<audit:date>2018-02-13T09:15:56.049Z</audit:date>
<audit:justification>DatastreamPane generated this logMessage. . . . Purged datastream (ID=METADATA), versions ranging from 2014-12-05T08:05:18.137Z to 2018-01-23T15:40:30.662Z.  This resulted in the permanent removal of 5 datastream version(s) (2014-12-05T08:05:18.137Z, 2014-12-05T08:06:54.715Z, 2015-04-14T14:03:35.127Z, 2016-03-03T18:03:07.840Z, 2018-01-23T15:40:30.662Z) and all associated audit records.</audit:justification>
</audit:record>
</audit:auditTrail>
