<place id="1"><pid>alvin-place:15</pid><dsId>METADATA</dsId><recordInfo id="2"><externalDs>false</externalDs><lastAction>UPDATED</lastAction><created id="3"><date id="4">2014-12-05 07:05:17.31 UTC</date><dateInStorage id="5">2014-12-05 07:05:18.137 UTC</dateInStorage><user class="seamUser" id="6"><lastUpdated class="sql-timestamp" id="7">2014-04-17 08:12:52.806</lastUpdated><id>1</id><userId>stand516</userId><domain>uu</domain><firstName>Stefan</firstName><lastName>Andersson</lastName><email>Stefan.Andersson@ub.uu.se</email></user><note>Place created through web gui</note><type>CREATED</type></created><updated id="8"><userAction reference="3"/><userAction id="9"><date id="10">2014-12-05 07:06:53.601 UTC</date><user class="seamUser" id="11"><lastUpdated class="sql-timestamp" id="12">2014-04-17 08:12:52.806</lastUpdated><id>1</id><userId>stand516</userId><domain>uu</domain><firstName>Stefan</firstName><lastName>Andersson</lastName><email>Stefan.Andersson@ub.uu.se</email></user><note>Place updated through web gui</note><type>UPDATED</type></userAction></updated></recordInfo><country id="13"><lastUpdated class="sql-timestamp" id="14">2014-04-17 08:12:48.299</lastUpdated><defaultName>Italien</defaultName><localisedNames id="15"><entry><string>en</string><string>Italy</string></entry></localisedNames><alpha2Code>IT</alpha2Code><alpha3Code>ITA</alpha3Code><numericalCode>380</numericalCode><marcCode>it</marcCode></country><regions id="16"/><defaultPlaceName id="17"><deleted>false</deleted><name>Rom</name></defaultPlaceName><placeNameForms id="18"><entry><string>alvin-place:15:0</string><placeNameForm id="19"><id>alvin-place:15:0</id><deleted>false</deleted><name>Rome</name><language id="20"><lastUpdated class="sql-timestamp" id="21">2014-04-17 08:12:50.478</lastUpdated><defaultName>Engelska</defaultName><localisedNames id="22"><entry><string>en</string><string>English</string></entry></localisedNames><alpha3Code>eng</alpha3Code><alpha2Code>en</alpha2Code></language></placeNameForm></entry></placeNameForms><identifiers id="23"/><localIdentifiers id="24"/><longitude>12.488296441733837</longitude><latitude>41.88121792424412</latitude></place>