<place id="1">
  <pid>alvin-place:15</pid>
  <dsId>METADATA</dsId>
  <recordInfo id="2">
    <externalDs>false</externalDs>
    <lastAction>UPDATED</lastAction>
    <created id="3">
      <date id="4">2014-12-05 07:05:17.31 UTC</date>
      <dateInStorage id="5">2014-12-05 07:05:18.137 UTC</dateInStorage>
      <user class="seamUser" id="6">
        <lastUpdated class="sql-timestamp" id="7">2014-04-17 08:12:52.806</lastUpdated>
        <id>1</id>
        <userId>test</userId>
        <domain>uu</domain>
        <firstName>Test</firstName>
        <lastName>Test</lastName>
        <email>test.testsson@ub.uu.se</email>
      </user>
      <note>Place created through web gui</note>
      <type>CREATED</type>
    </created>
    <updated id="8">
      <userAction reference="3"/>
      <userAction id="9">
        <date id="10">2014-12-05 07:06:53.601 UTC</date>
        <dateInStorage id="11">2014-12-05 07:06:54.715 UTC</dateInStorage>
        <user class="seamUser" id="12">
          <lastUpdated class="sql-timestamp" id="13">2014-04-17 08:12:52.806</lastUpdated>
          <id>1</id>
          <userId>test</userId>
          <domain>uu</domain>
          <firstName>Test</firstName>
          <lastName>Testsson</lastName>
          <email>test.testsson@ub.uu.se</email>
        </user>
        <note>Place updated through web gui</note>
        <type>UPDATED</type>
      </userAction>
      <userAction id="14">
        <date id="15">2015-04-14 12:03:34.33 UTC</date>
        <user class="seamUser" id="16">
          <lastUpdated class="sql-timestamp" id="17">2015-01-16 09:03:23.151255</lastUpdated>
          <id>452</id>
          <userId>other</userId>
          <domain>uu</domain>
          <firstName>Other</firstName>
          <lastName>Test</lastName>
          <email/>
        </user>
        <note>Place updated through web gui</note>
        <type>UPDATED</type>
      </userAction>
    </updated>
  </recordInfo>
  <country class="country">
    <lastUpdated class="sql-timestamp" id="19">2014-04-17 08:12:48.299</lastUpdated>
    <defaultName>Italien</defaultName>
    <localisedNames id="20">
      <entry>
        <string>en</string>
        <string>Italy</string>
      </entry>
    </localisedNames>
    <alpha2Code>IT</alpha2Code>
    <alpha3Code>ITA</alpha3Code>
    <numericalCode>380</numericalCode>
    <marcCode>it</marcCode>
  </country>
  <regions id="21"/>
  <defaultPlaceName id="22">
    <deleted>false</deleted>
    <name>Rom</name>
  </defaultPlaceName>
  <placeNameForms id="23">
    <entry>
      <string>alvin-place:15:1</string>
      <placeNameForm id="24">
        <id>alvin-place:15:1</id>
        <deleted>false</deleted>
        <name>Roma</name>
        <language id="25">
          <lastUpdated class="sql-timestamp" id="26">2014-04-17 08:12:51.134</lastUpdated>
          <defaultName>Latin</defaultName>
          <localisedNames id="27">
            <entry>
              <string>en</string>
              <string>Latin</string>
            </entry>
          </localisedNames>
          <alpha3Code>lat</alpha3Code>
          <alpha2Code>la</alpha2Code>
        </language>
      </placeNameForm>
    </entry>
    <entry>
      <string>alvin-place:15:0</string>
      <placeNameForm id="28">
        <id>alvin-place:15:0</id>
        <deleted>false</deleted>
        <name>Rome</name>
        <language id="29">
          <lastUpdated class="sql-timestamp" id="30">2014-04-17 08:12:50.478</lastUpdated>
          <defaultName>Engelska</defaultName>
          <localisedNames id="31">
            <entry>
              <string>en</string>
              <string>English</string>
            </entry>
          </localisedNames>
          <alpha3Code>eng</alpha3Code>
          <alpha2Code>en</alpha2Code>
        </language>
      </placeNameForm>
    </entry>
  </placeNameForms>
  <identifiers id="32"/>
  <localIdentifiers id="33"/>
  <longitude>12.488296441733837</longitude>
  <latitude>41.88121792424412</latitude>
</place>
