<?xml version="1.0" encoding="UTF-8"?>
<feed xmlns="http://www.w3.org/2005/Atom">
  <id>info:fedora/alvin-model:work</id>
  <title type="text">Content model for Work</title>
  <updated>2017-03-16T11:36:58.061Z</updated>
  <author>
    <name>fedoraAdmin</name>
  </author>
  <category term="Active" scheme="info:fedora/fedora-system:def/model#state"></category>
  <category term="2016-08-23T11:57:45.043Z" scheme="info:fedora/fedora-system:def/model#createdDate"></category>
  <icon>http://www.fedora-commons.org/images/logo_vertical_transparent_200_251.png</icon>
  <entry>
    <id>info:fedora/alvin-model:work/DC</id>
    <title type="text">DC</title>
    <updated>2016-08-23T11:57:45.043Z</updated>
    <link href="info:fedora/alvin-model:work/DC/2016-08-23T11:57:45.043Z" rel="alternate"></link>
    <category term="A" scheme="info:fedora/fedora-system:def/model#state"></category>
    <category term="X" scheme="info:fedora/fedora-system:def/model#controlGroup"></category>
    <category term="true" scheme="info:fedora/fedora-system:def/model#versionable"></category>
  </entry>
  <entry xmlns:thr="http://purl.org/syndication/thread/1.0">
    <id>info:fedora/alvin-model:work/DC/2016-08-23T11:57:45.043Z</id>
    <title type="text">DC1.0</title>
    <updated>2016-08-23T11:57:45.043Z</updated>
    <thr:in-reply-to ref="info:fedora/alvin-model:work/DC"></thr:in-reply-to>
    <category term="http://www.openarchives.org/OAI/2.0/oai_dc/" scheme="info:fedora/fedora-system:def/model#formatURI"></category>
    <category term="Dublin Core Record for this object" scheme="info:fedora/fedora-system:def/model#label"></category>
    <category term="391" scheme="info:fedora/fedora-system:def/model#length"></category>
    <summary type="text">DC1.0</summary>
    <content type="text/xml" src="DC1.0.xml"></content>
  </entry>
  <entry>
    <id>info:fedora/alvin-model:work/RELS-EXT</id>
    <title type="text">RELS-EXT</title>
    <updated>2016-08-23T12:01:31.974Z</updated>
    <link href="info:fedora/alvin-model:work/RELS-EXT/2016-08-23T12:01:31.974Z" rel="alternate"></link>
    <category term="A" scheme="info:fedora/fedora-system:def/model#state"></category>
    <category term="X" scheme="info:fedora/fedora-system:def/model#controlGroup"></category>
    <category term="true" scheme="info:fedora/fedora-system:def/model#versionable"></category>
  </entry>
  <entry xmlns:thr="http://purl.org/syndication/thread/1.0">
    <id>info:fedora/alvin-model:work/RELS-EXT/2016-08-23T12:01:31.974Z</id>
    <title type="text">RELS-EXT.0</title>
    <updated>2016-08-23T12:01:31.974Z</updated>
    <thr:in-reply-to ref="info:fedora/alvin-model:work/RELS-EXT"></thr:in-reply-to>
    <category term="info:fedora/fedora-system:FedoraRELSExt-1.0" scheme="info:fedora/fedora-system:def/model#formatURI"></category>
    <category term="RDF Statements about this object" scheme="info:fedora/fedora-system:def/model#label"></category>
    <category term="289" scheme="info:fedora/fedora-system:def/model#length"></category>
    <summary type="text">RELS-EXT.0</summary>
    <content type="application/rdf+xml" src="RELS-EXT.0.xml"></content>
  </entry>
  <entry>
    <id>info:fedora/alvin-model:work/DC-COMPOSITE-MODEL</id>
    <title type="text">DC-COMPOSITE-MODEL</title>
    <updated>2016-08-23T12:03:05.274Z</updated>
    <link href="info:fedora/alvin-model:work/DC-COMPOSITE-MODEL/2016-08-23T12:03:05.274Z" rel="alternate"></link>
    <category term="A" scheme="info:fedora/fedora-system:def/model#state"></category>
    <category term="X" scheme="info:fedora/fedora-system:def/model#controlGroup"></category>
    <category term="true" scheme="info:fedora/fedora-system:def/model#versionable"></category>
  </entry>
  <entry xmlns:thr="http://purl.org/syndication/thread/1.0">
    <id>info:fedora/alvin-model:work/DC-COMPOSITE-MODEL/2016-08-23T12:03:05.274Z</id>
    <title type="text">DC-COMPOSITE-MODEL.0</title>
    <updated>2016-08-23T12:03:05.274Z</updated>
    <thr:in-reply-to ref="info:fedora/alvin-model:work/DC-COMPOSITE-MODEL"></thr:in-reply-to>
    <category term="info:fedora/fedora-system:FedoraDSCompositeModel-1.0" scheme="info:fedora/fedora-system:def/model#formatURI"></category>
    <category term="Datastream Composite Model" scheme="info:fedora/fedora-system:def/model#label"></category>
    <category term="177" scheme="info:fedora/fedora-system:def/model#length"></category>
    <summary type="text">DC-COMPOSITE-MODEL.0</summary>
    <content type="text/xml" src="DC-COMPOSITE-MODEL.0.xml"></content>
  </entry>
  <entry>
    <id>info:fedora/alvin-model:work/AUDIT</id>
    <title type="text">AUDIT</title>
    <updated>2016-08-23T11:57:45.043Z</updated>
    <category term="A" scheme="info:fedora/fedora-system:def/model#state"></category>
    <category term="X" scheme="info:fedora/fedora-system:def/model#controlGroup"></category>
    <category term="false" scheme="info:fedora/fedora-system:def/model#versionable"></category>
    <link href="info:fedora/alvin-model:work/AUDIT/2016-08-23T11:57:45.043Z" rel="alternate"></link>
  </entry>
  <entry xmlns:thr="http://purl.org/syndication/thread/1.0">
    <id>info:fedora/alvin-model:work/AUDIT/2016-08-23T11:57:45.043Z</id>
    <title type="text">AUDIT.0</title>
    <updated>2016-08-23T11:57:45.043Z</updated>
    <thr:in-reply-to ref="info:fedora/alvin-model:work/AUDIT"></thr:in-reply-to>
    <category term="info:fedora/fedora-system:format/xml.fedora.audit" scheme="info:fedora/fedora-system:def/model#formatURI"></category>
    <category term="Audit Trail for this object" scheme="info:fedora/fedora-system:def/model#label"></category>
    <summary type="text">AUDIT.0</summary>
    <content type="text/xml" src="AUDIT.0.xml"></content>
  </entry>
</feed>