<audit:auditTrail xmlns:audit="info:fedora/fedora-system:def/audit#">
<audit:record ID="AUDREC1">
<audit:process type="Fedora API-M"/>
<audit:action>ingest</audit:action>
<audit:componentID></audit:componentID>
<audit:responsibility>fedoraAdmin</audit:responsibility>
<audit:date>2016-08-23T11:57:45.043Z</audit:date>
<audit:justification>Created with Admin GUI &quot;New Object&quot; command</audit:justification>
</audit:record>
<audit:record ID="AUDREC2">
<audit:process type="Fedora API-M"/>
<audit:action>addDatastream</audit:action>
<audit:componentID>RELS-EXT</audit:componentID>
<audit:responsibility>fedoraAdmin</audit:responsibility>
<audit:date>2016-08-23T12:01:31.974Z</audit:date>
<audit:justification>added RELS-EXT</audit:justification>
</audit:record>
<audit:record ID="AUDREC3">
<audit:process type="Fedora API-M"/>
<audit:action>addDatastream</audit:action>
<audit:componentID>DC-COMPOSITE-MODEL</audit:componentID>
<audit:responsibility>fedoraAdmin</audit:responsibility>
<audit:date>2016-08-23T12:03:05.274Z</audit:date>
<audit:justification>DatastreamsPane generated this logMessage.</audit:justification>
</audit:record>
<audit:record ID="AUDREC4">
<audit:process type="Fedora API-M"/>
<audit:action>ingest</audit:action>
<audit:componentID></audit:componentID>
<audit:responsibility>fedoraAdmin</audit:responsibility>
<audit:date>2017-03-16T11:36:58.061Z</audit:date>
<audit:justification>Ingested from local file /home/mimmi/Workspace/git/alvin/configs/fedora/contentModel/alvin-model_work.xml</audit:justification>
</audit:record>
</audit:auditTrail>
