<audit:auditTrail xmlns:audit="info:fedora/fedora-system:def/audit#">
<audit:record ID="AUDREC1">
<audit:process type="Fedora API-M"/>
<audit:action>ingest</audit:action>
<audit:componentID></audit:componentID>
<audit:responsibility>fedoraAdmin</audit:responsibility>
<audit:date>2010-05-31T14:06:10.586Z</audit:date>
<audit:justification>Created with Admin GUI &quot;New Object&quot; command</audit:justification>
</audit:record>
<audit:record ID="AUDREC2">
<audit:process type="Fedora API-M"/>
<audit:action>modifyDatastreamByValue</audit:action>
<audit:componentID>DS-COMPOSITE-MODEL</audit:componentID>
<audit:responsibility>fedoraAdmin</audit:responsibility>
<audit:date>2010-05-31T14:12:14.998Z</audit:date>
<audit:justification></audit:justification>
</audit:record>
</audit:auditTrail>
