<?xml version="1.0" encoding="UTF-8"?>
<feed xmlns="http://www.w3.org/2005/Atom">
  <id>info:fedora/alvin-model:record-sdef</id>
  <title type="text">Service definition for alvin-model:record</title>
  <updated>2014-05-07T12:54:21.057Z</updated>
  <author>
    <name>fedoraAdmin</name>
  </author>
  <category term="Active" scheme="info:fedora/fedora-system:def/model#state"></category>
  <category term="2010-05-31T14:15:03.836Z" scheme="info:fedora/fedora-system:def/model#createdDate"></category>
  <icon>http://www.fedora-commons.org/images/logo_vertical_transparent_200_251.png</icon>
  <entry>
    <id>info:fedora/alvin-model:record-sdef/RELS-EXT</id>
    <title type="text">RELS-EXT</title>
    <updated>2010-05-31T14:15:03.877Z</updated>
    <link href="info:fedora/alvin-model:record-sdef/RELS-EXT/2010-05-31T14:15:03.877Z" rel="alternate"></link>
    <category term="A" scheme="info:fedora/fedora-system:def/model#state"></category>
    <category term="X" scheme="info:fedora/fedora-system:def/model#controlGroup"></category>
    <category term="true" scheme="info:fedora/fedora-system:def/model#versionable"></category>
  </entry>
  <entry xmlns:thr="http://purl.org/syndication/thread/1.0">
    <id>info:fedora/alvin-model:record-sdef/RELS-EXT/2010-05-31T14:15:03.877Z</id>
    <title type="text">RELS-EXT1.0</title>
    <updated>2010-05-31T14:15:03.877Z</updated>
    <thr:in-reply-to ref="info:fedora/alvin-model:record-sdef/RELS-EXT"></thr:in-reply-to>
    <category term="info:fedora/fedora-system:FedoraRELSExt-1.0" scheme="info:fedora/fedora-system:def/model#formatURI"></category>
    <category term="RDF Statements about this object" scheme="info:fedora/fedora-system:def/model#label"></category>
    <category term="372" scheme="info:fedora/fedora-system:def/model#length"></category>
    <summary type="text">RELS-EXT1.0</summary>
    <content type="application/rdf+xml" src="RELS-EXT1.0.xml"></content>
  </entry>
  <entry>
    <id>info:fedora/alvin-model:record-sdef/METHODMAP</id>
    <title type="text">METHODMAP</title>
    <updated>2012-10-11T11:54:36.079Z</updated>
    <link href="info:fedora/alvin-model:record-sdef/METHODMAP/2012-10-11T11:54:36.079Z" rel="alternate"></link>
    <category term="A" scheme="info:fedora/fedora-system:def/model#state"></category>
    <category term="X" scheme="info:fedora/fedora-system:def/model#controlGroup"></category>
    <category term="true" scheme="info:fedora/fedora-system:def/model#versionable"></category>
  </entry>
  <entry xmlns:thr="http://purl.org/syndication/thread/1.0">
    <id>info:fedora/alvin-model:record-sdef/METHODMAP/2012-09-11T12:44:24.523Z</id>
    <title type="text">METHODMAP.4</title>
    <updated>2012-09-11T12:44:24.523Z</updated>
    <thr:in-reply-to ref="info:fedora/alvin-model:record-sdef/METHODMAP"></thr:in-reply-to>
    <category term="info:fedora/fedora-system:FedoraSDefMethodMap-1.0" scheme="info:fedora/fedora-system:def/model#formatURI"></category>
    <category term="Abstract Method Map" scheme="info:fedora/fedora-system:def/model#label"></category>
    <category term="1072" scheme="info:fedora/fedora-system:def/model#length"></category>
    <summary type="text">METHODMAP.4</summary>
    <content type="text/xml" src="METHODMAP.4.xml"></content>
  </entry>
  <entry xmlns:thr="http://purl.org/syndication/thread/1.0">
    <id>info:fedora/alvin-model:record-sdef/METHODMAP/2012-10-09T08:42:34.991Z</id>
    <title type="text">METHODMAP.5</title>
    <updated>2012-10-09T08:42:34.991Z</updated>
    <thr:in-reply-to ref="info:fedora/alvin-model:record-sdef/METHODMAP"></thr:in-reply-to>
    <category term="info:fedora/fedora-system:FedoraSDefMethodMap-1.0" scheme="info:fedora/fedora-system:def/model#formatURI"></category>
    <category term="Abstract Method Map" scheme="info:fedora/fedora-system:def/model#label"></category>
    <category term="1133" scheme="info:fedora/fedora-system:def/model#length"></category>
    <summary type="text">METHODMAP.5</summary>
    <content type="text/xml" src="METHODMAP.5.xml"></content>
  </entry>
  <entry xmlns:thr="http://purl.org/syndication/thread/1.0">
    <id>info:fedora/alvin-model:record-sdef/METHODMAP/2012-10-11T11:54:36.079Z</id>
    <title type="text">METHODMAP.6</title>
    <updated>2012-10-11T11:54:36.079Z</updated>
    <thr:in-reply-to ref="info:fedora/alvin-model:record-sdef/METHODMAP"></thr:in-reply-to>
    <category term="info:fedora/fedora-system:FedoraSDefMethodMap-1.0" scheme="info:fedora/fedora-system:def/model#formatURI"></category>
    <category term="Abstract Method Map" scheme="info:fedora/fedora-system:def/model#label"></category>
    <category term="1196" scheme="info:fedora/fedora-system:def/model#length"></category>
    <summary type="text">METHODMAP.6</summary>
    <content type="text/xml" src="METHODMAP.6.xml"></content>
  </entry>
  <entry>
    <id>info:fedora/alvin-model:record-sdef/DC</id>
    <title type="text">DC</title>
    <updated>2010-05-31T14:15:03.836Z</updated>
    <link href="info:fedora/alvin-model:record-sdef/DC/2010-05-31T14:15:03.836Z" rel="alternate"></link>
    <category term="A" scheme="info:fedora/fedora-system:def/model#state"></category>
    <category term="X" scheme="info:fedora/fedora-system:def/model#controlGroup"></category>
    <category term="true" scheme="info:fedora/fedora-system:def/model#versionable"></category>
  </entry>
  <entry xmlns:thr="http://purl.org/syndication/thread/1.0">
    <id>info:fedora/alvin-model:record-sdef/DC/2010-05-31T14:15:03.836Z</id>
    <title type="text">DC1.0</title>
    <updated>2010-05-31T14:15:03.836Z</updated>
    <thr:in-reply-to ref="info:fedora/alvin-model:record-sdef/DC"></thr:in-reply-to>
    <category term="http://www.openarchives.org/OAI/2.0/oai_dc/" scheme="info:fedora/fedora-system:def/model#formatURI"></category>
    <category term="Dublin Core Record for this object" scheme="info:fedora/fedora-system:def/model#label"></category>
    <category term="417" scheme="info:fedora/fedora-system:def/model#length"></category>
    <summary type="text">DC1.0</summary>
    <content type="text/xml" src="DC1.0.xml"></content>
  </entry>
  <entry>
    <id>info:fedora/alvin-model:record-sdef/AUDIT</id>
    <title type="text">AUDIT</title>
    <updated>2010-05-31T14:15:03.836Z</updated>
    <category term="A" scheme="info:fedora/fedora-system:def/model#state"></category>
    <category term="X" scheme="info:fedora/fedora-system:def/model#controlGroup"></category>
    <category term="false" scheme="info:fedora/fedora-system:def/model#versionable"></category>
    <link href="info:fedora/alvin-model:record-sdef/AUDIT/2010-05-31T14:15:03.836Z" rel="alternate"></link>
  </entry>
  <entry xmlns:thr="http://purl.org/syndication/thread/1.0">
    <id>info:fedora/alvin-model:record-sdef/AUDIT/2010-05-31T14:15:03.836Z</id>
    <title type="text">AUDIT.0</title>
    <updated>2010-05-31T14:15:03.836Z</updated>
    <thr:in-reply-to ref="info:fedora/alvin-model:record-sdef/AUDIT"></thr:in-reply-to>
    <category term="info:fedora/fedora-system:format/xml.fedora.audit" scheme="info:fedora/fedora-system:def/model#formatURI"></category>
    <category term="Audit Trail for this object" scheme="info:fedora/fedora-system:def/model#label"></category>
    <summary type="text">AUDIT.0</summary>
    <content type="text/xml" src="AUDIT.0.xml"></content>
  </entry>
</feed>