<audit:auditTrail xmlns:audit="info:fedora/fedora-system:def/audit#">
<audit:record ID="AUDREC1">
<audit:process type="Fedora API-M"/>
<audit:action>ingest</audit:action>
<audit:componentID></audit:componentID>
<audit:responsibility>fedoraAdmin</audit:responsibility>
<audit:date>2010-05-31T14:15:03.836Z</audit:date>
<audit:justification>Created with Admin GUI &quot;New Object&quot; command</audit:justification>
</audit:record>
<audit:record ID="AUDREC2">
<audit:process type="Fedora API-M"/>
<audit:action>modifyDatastreamByValue</audit:action>
<audit:componentID>METHODMAP</audit:componentID>
<audit:responsibility>fedoraAdmin</audit:responsibility>
<audit:date>2012-09-04T11:28:57.406Z</audit:date>
<audit:justification></audit:justification>
</audit:record>
<audit:record ID="AUDREC3">
<audit:process type="Fedora API-M"/>
<audit:action>modifyDatastreamByValue</audit:action>
<audit:componentID>METHODMAP</audit:componentID>
<audit:responsibility>fedoraAdmin</audit:responsibility>
<audit:date>2012-09-04T11:52:34.708Z</audit:date>
<audit:justification></audit:justification>
</audit:record>
<audit:record ID="AUDREC4">
<audit:process type="Fedora API-M"/>
<audit:action>modifyDatastreamByValue</audit:action>
<audit:componentID>METHODMAP</audit:componentID>
<audit:responsibility>fedoraAdmin</audit:responsibility>
<audit:date>2012-09-11T12:42:42.988Z</audit:date>
<audit:justification></audit:justification>
</audit:record>
<audit:record ID="AUDREC5">
<audit:process type="Fedora API-M"/>
<audit:action>modifyDatastreamByValue</audit:action>
<audit:componentID>METHODMAP</audit:componentID>
<audit:responsibility>fedoraAdmin</audit:responsibility>
<audit:date>2012-09-11T12:44:24.523Z</audit:date>
<audit:justification></audit:justification>
</audit:record>
<audit:record ID="AUDREC6">
<audit:process type="Fedora API-M"/>
<audit:action>purgeDatastream</audit:action>
<audit:componentID>METHODMAP</audit:componentID>
<audit:responsibility>fedoraAdmin</audit:responsibility>
<audit:date>2012-10-03T13:01:02.555Z</audit:date>
<audit:justification>DatastreamPane generated this logMessage. . . . Purged datastream (ID=METHODMAP), versions ranging from 2010-05-31T16:15:03.877Z to 2012-09-11T14:42:42.988Z.  This resulted in the permanent removal of 4 datastream version(s) (2010-05-31T16:15:03.877Z, 2012-09-04T13:28:57.406Z, 2012-09-04T13:52:34.708Z, 2012-09-11T14:42:42.988Z) and all associated audit records.</audit:justification>
</audit:record>
<audit:record ID="AUDREC7">
<audit:process type="Fedora API-M"/>
<audit:action>modifyDatastreamByValue</audit:action>
<audit:componentID>METHODMAP</audit:componentID>
<audit:responsibility>fedoraAdmin</audit:responsibility>
<audit:date>2012-10-09T08:42:34.991Z</audit:date>
<audit:justification></audit:justification>
</audit:record>
<audit:record ID="AUDREC8">
<audit:process type="Fedora API-M"/>
<audit:action>modifyDatastreamByValue</audit:action>
<audit:componentID>METHODMAP</audit:componentID>
<audit:responsibility>fedoraAdmin</audit:responsibility>
<audit:date>2012-10-11T11:54:36.079Z</audit:date>
<audit:justification></audit:justification>
</audit:record>
</audit:auditTrail>
