
<fmm:MethodMap xmlns:fmm="http://fedora.comm.nsdlib.org/service/methodmap" name="Fedora MethodMap for SDef">
          <comment xmlns="info:fedora/fedora-system:def/comment#">
            This METHODMAP datastream is included as a starting point to
              assist in the creation of a service definition. The METHODMAP
              should define the methods and method parameters for this
              service definition.
            For more information about service definitions, see:
              http://fedora-commons.org/confluence/x/dgBI.
            For examples of completed service definition objects, see the demonstration
              objects included with your Fedora distribution, such as:
              demo:1, demo:12, demo: 19, and demo:27.
            For more information about the demonstration objects, see:
              http://fedora-commons.org/confluence/x/AwFI.
          </comment>
          <fmm:Method operationName="getMetadata"></fmm:Method>
          <fmm:Method operationName="getNoRef"></fmm:Method>
          <fmm:Method operationName="getFreeText"></fmm:Method>
        </fmm:MethodMap>
