<?xml version="1.0" encoding="UTF-8"?>
<feed xmlns="http://www.w3.org/2005/Atom">
  <id>info:fedora/alvin-place:1684</id>
  <title type="text">Alexandria See Al-Iskandariyah</title>
  <updated>2018-01-23T14:46:29.047Z</updated>
  <author>
    <name>fedoraAdmin</name>
  </author>
  <category term="Active" scheme="info:fedora/fedora-system:def/model#state"></category>
  <category term="2015-02-12T07:11:24.101Z" scheme="info:fedora/fedora-system:def/model#createdDate"></category>
  <icon>http://www.fedora-commons.org/images/logo_vertical_transparent_200_251.png</icon>
  <entry>
    <id>info:fedora/alvin-place:1684/DC</id>
    <title type="text">DC</title>
    <updated>2015-02-12T07:11:24.101Z</updated>
    <link href="info:fedora/alvin-place:1684/DC/2015-02-12T07:11:24.101Z" rel="alternate"></link>
    <category term="A" scheme="info:fedora/fedora-system:def/model#state"></category>
    <category term="X" scheme="info:fedora/fedora-system:def/model#controlGroup"></category>
    <category term="true" scheme="info:fedora/fedora-system:def/model#versionable"></category>
  </entry>
  <entry xmlns:thr="http://purl.org/syndication/thread/1.0">
    <id>info:fedora/alvin-place:1684/DC/2015-02-12T07:11:24.101Z</id>
    <title type="text">DC1.0</title>
    <updated>2015-02-12T07:11:24.101Z</updated>
    <thr:in-reply-to ref="info:fedora/alvin-place:1684/DC"></thr:in-reply-to>
    <category term="http://www.openarchives.org/OAI/2.0/oai_dc/" scheme="info:fedora/fedora-system:def/model#formatURI"></category>
    <category term="Dublin Core Record for this object" scheme="info:fedora/fedora-system:def/model#label"></category>
    <category term="399" scheme="info:fedora/fedora-system:def/model#length"></category>
    <summary type="text">DC1.0</summary>
    <content type="text/xml" src="DC1.0.xml"></content>
  </entry>
  <entry>
    <id>info:fedora/alvin-place:1684/RELS-EXT</id>
    <title type="text">RELS-EXT</title>
    <updated>2015-02-12T07:11:24.137Z</updated>
    <link href="info:fedora/alvin-place:1684/RELS-EXT/2015-02-12T07:11:24.137Z" rel="alternate"></link>
    <category term="A" scheme="info:fedora/fedora-system:def/model#state"></category>
    <category term="X" scheme="info:fedora/fedora-system:def/model#controlGroup"></category>
    <category term="false" scheme="info:fedora/fedora-system:def/model#versionable"></category>
  </entry>
  <entry xmlns:thr="http://purl.org/syndication/thread/1.0">
    <id>info:fedora/alvin-place:1684/RELS-EXT/2015-02-12T07:11:24.137Z</id>
    <title type="text">RELS-EXT.0</title>
    <updated>2015-02-12T07:11:24.137Z</updated>
    <thr:in-reply-to ref="info:fedora/alvin-place:1684/RELS-EXT"></thr:in-reply-to>
    <category term="info:fedora/fedora-system:FedoraRELSExt-1.0" scheme="info:fedora/fedora-system:def/model#formatURI"></category>
    <category term="Relationships" scheme="info:fedora/fedora-system:def/model#label"></category>
    <category term="271" scheme="info:fedora/fedora-system:def/model#length"></category>
    <summary type="text">RELS-EXT.0</summary>
    <content type="application/rdf+xml" src="RELS-EXT.0.xml"></content>
  </entry>
  <entry>
    <id>info:fedora/alvin-place:1684/METADATA</id>
    <title type="text">METADATA</title>
    <updated>2018-01-23T14:46:29.047Z</updated>
    <link href="info:fedora/alvin-place:1684/METADATA/2018-01-23T14:46:29.047Z" rel="alternate"></link>
    <category term="A" scheme="info:fedora/fedora-system:def/model#state"></category>
    <category term="M" scheme="info:fedora/fedora-system:def/model#controlGroup"></category>
    <category term="true" scheme="info:fedora/fedora-system:def/model#versionable"></category>
  </entry>
  <entry xmlns:thr="http://purl.org/syndication/thread/1.0">
    <id>info:fedora/alvin-place:1684/METADATA/2015-02-12T07:11:24.155Z</id>
    <title type="text">METADATA.0</title>
    <updated>2015-02-12T07:11:24.155Z</updated>
    <thr:in-reply-to ref="info:fedora/alvin-place:1684/METADATA"></thr:in-reply-to>
    <category term="Alexandria See Al-Iskandariyah" scheme="info:fedora/fedora-system:def/model#label"></category>
    <category term="SHA-512" scheme="info:fedora/fedora-system:def/model#digestType"></category>
    <category term="eac17e6be666aed4f5104d8ab32f846f59d0e0878d0663aa5a231a6e6d3378d740f94d224c3eae3ae7929551aae2467bc22d79f2fc52b76a429e02cbb5adad50" scheme="info:fedora/fedora-system:def/model#digest"></category>
    <category term="1152" scheme="info:fedora/fedora-system:def/model#length"></category>
    <summary type="text">METADATA.0</summary>
    <content type="text/xml" src="METADATA.0.xml"></content>
  </entry>
  <entry xmlns:thr="http://purl.org/syndication/thread/1.0">
    <id>info:fedora/alvin-place:1684/METADATA/2017-02-24T19:18:13.364Z</id>
    <title type="text">METADATA.1</title>
    <updated>2017-02-24T19:18:13.364Z</updated>
    <thr:in-reply-to ref="info:fedora/alvin-place:1684/METADATA"></thr:in-reply-to>
    <category term="Alexandria" scheme="info:fedora/fedora-system:def/model#label"></category>
    <category term="SHA-512" scheme="info:fedora/fedora-system:def/model#digestType"></category>
    <category term="206e56674517b4320d5aa596f34f188c7aafc1795d5ace25ff444aafcf57fde2f6eba79b6df5e36310a474859231e4b011ff67addfaead3316d803788ff0e274" scheme="info:fedora/fedora-system:def/model#digest"></category>
    <category term="2492" scheme="info:fedora/fedora-system:def/model#length"></category>
    <summary type="text">METADATA.1</summary>
    <content type="text/xml" src="METADATA.1.xml"></content>
  </entry>
  <entry xmlns:thr="http://purl.org/syndication/thread/1.0">
    <id>info:fedora/alvin-place:1684/METADATA/2017-02-24T19:26:11.597Z</id>
    <title type="text">METADATA.2</title>
    <updated>2017-02-24T19:26:11.597Z</updated>
    <thr:in-reply-to ref="info:fedora/alvin-place:1684/METADATA"></thr:in-reply-to>
    <category term="Alexandria" scheme="info:fedora/fedora-system:def/model#label"></category>
    <category term="SHA-512" scheme="info:fedora/fedora-system:def/model#digestType"></category>
    <category term="75c3ca7f3135da4f3a41023600f18b059eb73e13ecc1e72c038ff8f84d9080de3663bee4253083c9f40913b224449934fb912a85a1edf6a6b8592363e4c5966a" scheme="info:fedora/fedora-system:def/model#digest"></category>
    <category term="3408" scheme="info:fedora/fedora-system:def/model#length"></category>
    <summary type="text">METADATA.2</summary>
    <content type="text/xml" src="METADATA.2.xml"></content>
  </entry>
  <entry xmlns:thr="http://purl.org/syndication/thread/1.0">
    <id>info:fedora/alvin-place:1684/METADATA/2017-02-28T10:18:38.903Z</id>
    <title type="text">METADATA.3</title>
    <updated>2017-02-28T10:18:38.903Z</updated>
    <thr:in-reply-to ref="info:fedora/alvin-place:1684/METADATA"></thr:in-reply-to>
    <category term="Alexandria" scheme="info:fedora/fedora-system:def/model#label"></category>
    <category term="SHA-512" scheme="info:fedora/fedora-system:def/model#digestType"></category>
    <category term="fd63df3f498f48da3ca02d25c5e4f3ffcd60c11b5cfcc04c3ebadae336406fe3d31df6c06e26b8225adc9cf5e09ea864bb1bbc39f72f53e023a11096bdf446a2" scheme="info:fedora/fedora-system:def/model#digest"></category>
    <category term="4278" scheme="info:fedora/fedora-system:def/model#length"></category>
    <summary type="text">METADATA.3</summary>
    <content type="text/xml" src="METADATA.3.xml"></content>
  </entry>
  <entry xmlns:thr="http://purl.org/syndication/thread/1.0">
    <id>info:fedora/alvin-place:1684/METADATA/2017-03-01T07:51:39.324Z</id>
    <title type="text">METADATA.4</title>
    <updated>2017-03-01T07:51:39.324Z</updated>
    <thr:in-reply-to ref="info:fedora/alvin-place:1684/METADATA"></thr:in-reply-to>
    <category term="Alexandria" scheme="info:fedora/fedora-system:def/model#label"></category>
    <category term="SHA-512" scheme="info:fedora/fedora-system:def/model#digestType"></category>
    <category term="96cfb594fb68a67a472009ba016f70ccb5d0b8250cb3ea40c31650a2e063947cf469fd483dc150104b1499e809a3601c11c226462194a0c82ac45c7a7a06c66d" scheme="info:fedora/fedora-system:def/model#digest"></category>
    <category term="5144" scheme="info:fedora/fedora-system:def/model#length"></category>
    <summary type="text">METADATA.4</summary>
    <content type="text/xml" src="METADATA.4.xml"></content>
  </entry>
  <entry xmlns:thr="http://purl.org/syndication/thread/1.0">
    <id>info:fedora/alvin-place:1684/METADATA/2017-03-01T07:52:52.909Z</id>
    <title type="text">METADATA.5</title>
    <updated>2017-03-01T07:52:52.909Z</updated>
    <thr:in-reply-to ref="info:fedora/alvin-place:1684/METADATA"></thr:in-reply-to>
    <category term="Alexandria" scheme="info:fedora/fedora-system:def/model#label"></category>
    <category term="SHA-512" scheme="info:fedora/fedora-system:def/model#digestType"></category>
    <category term="d169ccf61c46550e80332c60e301eabbabea90370a27ee3aa3d6eebe5319ca67bf575adbbc6dfc19578611248300d602f58c04919bf414bc014845f9189fb538" scheme="info:fedora/fedora-system:def/model#digest"></category>
    <category term="5513" scheme="info:fedora/fedora-system:def/model#length"></category>
    <summary type="text">METADATA.5</summary>
    <content type="text/xml" src="METADATA.5.xml"></content>
  </entry>
  <entry xmlns:thr="http://purl.org/syndication/thread/1.0">
    <id>info:fedora/alvin-place:1684/METADATA/2017-03-01T09:43:24.537Z</id>
    <title type="text">METADATA.6</title>
    <updated>2017-03-01T09:43:24.537Z</updated>
    <thr:in-reply-to ref="info:fedora/alvin-place:1684/METADATA"></thr:in-reply-to>
    <category term="Alexandria" scheme="info:fedora/fedora-system:def/model#label"></category>
    <category term="SHA-512" scheme="info:fedora/fedora-system:def/model#digestType"></category>
    <category term="96cc156e78b69352160060c82db4f41a39419d520269f957dc93d80b9fbde38ebdb504e9afee272c8bdf99456aaac7bb892d9ed956ab54fa822ef1d5f970f070" scheme="info:fedora/fedora-system:def/model#digest"></category>
    <category term="6377" scheme="info:fedora/fedora-system:def/model#length"></category>
    <summary type="text">METADATA.6</summary>
    <content type="text/xml" src="METADATA.6.xml"></content>
  </entry>
  <entry xmlns:thr="http://purl.org/syndication/thread/1.0">
    <id>info:fedora/alvin-place:1684/METADATA/2018-01-23T14:46:29.047Z</id>
    <title type="text">METADATA.7</title>
    <updated>2018-01-23T14:46:29.047Z</updated>
    <thr:in-reply-to ref="info:fedora/alvin-place:1684/METADATA"></thr:in-reply-to>
    <category term="Alexandria" scheme="info:fedora/fedora-system:def/model#label"></category>
    <category term="SHA-512" scheme="info:fedora/fedora-system:def/model#digestType"></category>
    <category term="41e7aeded8c236db05df57fb2dd1592e6bcc3ca6f645e038575768b7aeb77a238c271baa0b2b77b74880d3984866ff9b4b7c9d1fb23336448ba9b3f28c4b52fd" scheme="info:fedora/fedora-system:def/model#digest"></category>
    <category term="8401" scheme="info:fedora/fedora-system:def/model#length"></category>
    <summary type="text">METADATA.7</summary>
    <content type="text/xml" src="METADATA.7.xml"></content>
  </entry>
  <entry>
    <id>info:fedora/alvin-place:1684/SOURCE_XML</id>
    <title type="text">SOURCE_XML</title>
    <updated>2015-02-12T07:11:24.178Z</updated>
    <link href="info:fedora/alvin-place:1684/SOURCE_XML/2015-02-12T07:11:24.178Z" rel="alternate"></link>
    <category term="A" scheme="info:fedora/fedora-system:def/model#state"></category>
    <category term="M" scheme="info:fedora/fedora-system:def/model#controlGroup"></category>
    <category term="true" scheme="info:fedora/fedora-system:def/model#versionable"></category>
  </entry>
  <entry xmlns:thr="http://purl.org/syndication/thread/1.0">
    <id>info:fedora/alvin-place:1684/SOURCE_XML/2015-02-12T07:11:24.178Z</id>
    <title type="text">SOURCE_XML.0</title>
    <updated>2015-02-12T07:11:24.178Z</updated>
    <thr:in-reply-to ref="info:fedora/alvin-place:1684/SOURCE_XML"></thr:in-reply-to>
    <category term="Waller original XML" scheme="info:fedora/fedora-system:def/model#label"></category>
    <category term="SHA-512" scheme="info:fedora/fedora-system:def/model#digestType"></category>
    <category term="db8e5e64f8f159c1b393fc4c023499c350c56f7a7c0e8ec2f039786696be5da038368bfba6005a520ed9a5b880dfd119900f2e5d5e5777ccd1e0265e6aae596a" scheme="info:fedora/fedora-system:def/model#digest"></category>
    <category term="143" scheme="info:fedora/fedora-system:def/model#length"></category>
    <summary type="text">SOURCE_XML.0</summary>
    <content type="text/xml" src="SOURCE_XML.0.xml"></content>
  </entry>
  <entry>
    <id>info:fedora/alvin-place:1684/AUDIT</id>
    <title type="text">AUDIT</title>
    <updated>2015-02-12T07:11:24.101Z</updated>
    <category term="A" scheme="info:fedora/fedora-system:def/model#state"></category>
    <category term="X" scheme="info:fedora/fedora-system:def/model#controlGroup"></category>
    <category term="false" scheme="info:fedora/fedora-system:def/model#versionable"></category>
    <link href="info:fedora/alvin-place:1684/AUDIT/2015-02-12T07:11:24.101Z" rel="alternate"></link>
  </entry>
  <entry xmlns:thr="http://purl.org/syndication/thread/1.0">
    <id>info:fedora/alvin-place:1684/AUDIT/2015-02-12T07:11:24.101Z</id>
    <title type="text">AUDIT.0</title>
    <updated>2015-02-12T07:11:24.101Z</updated>
    <thr:in-reply-to ref="info:fedora/alvin-place:1684/AUDIT"></thr:in-reply-to>
    <category term="info:fedora/fedora-system:format/xml.fedora.audit" scheme="info:fedora/fedora-system:def/model#formatURI"></category>
    <category term="Audit Trail for this object" scheme="info:fedora/fedora-system:def/model#label"></category>
    <summary type="text">AUDIT.0</summary>
    <content type="text/xml" src="AUDIT.0.xml"></content>
  </entry>
</feed>