<?xml version="1.0" encoding="UTF-8"?>
<feed xmlns="http://www.w3.org/2005/Atom">
  <id>info:fedora/alvin-place:1684</id>
  <title type="text">Alexandria See Al-Iskandariyah</title>
  <updated>2018-02-13T09:17:04.227Z</updated>
  <author>
    <name>fedoraAdmin</name>
  </author>
  <category term="Active" scheme="info:fedora/fedora-system:def/model#state"></category>
  <category term="2015-02-12T07:11:24.101Z" scheme="info:fedora/fedora-system:def/model#createdDate"></category>
  <icon>http://www.fedora-commons.org/images/logo_vertical_transparent_200_251.png</icon>
  <entry>
    <id>info:fedora/alvin-place:1684/DC</id>
    <title type="text">DC</title>
    <updated>2015-02-12T07:11:24.101Z</updated>
    <link href="info:fedora/alvin-place:1684/DC/2015-02-12T07:11:24.101Z" rel="alternate"></link>
    <category term="A" scheme="info:fedora/fedora-system:def/model#state"></category>
    <category term="X" scheme="info:fedora/fedora-system:def/model#controlGroup"></category>
    <category term="true" scheme="info:fedora/fedora-system:def/model#versionable"></category>
  </entry>
  <entry xmlns:thr="http://purl.org/syndication/thread/1.0">
    <id>info:fedora/alvin-place:1684/DC/2015-02-12T07:11:24.101Z</id>
    <title type="text">DC1.0</title>
    <updated>2015-02-12T07:11:24.101Z</updated>
    <thr:in-reply-to ref="info:fedora/alvin-place:1684/DC"></thr:in-reply-to>
    <category term="http://www.openarchives.org/OAI/2.0/oai_dc/" scheme="info:fedora/fedora-system:def/model#formatURI"></category>
    <category term="Dublin Core Record for this object" scheme="info:fedora/fedora-system:def/model#label"></category>
    <category term="399" scheme="info:fedora/fedora-system:def/model#length"></category>
    <summary type="text">DC1.0</summary>
    <content type="text/xml" src="DC1.0.xml"></content>
  </entry>
  <entry>
    <id>info:fedora/alvin-place:1684/RELS-EXT</id>
    <title type="text">RELS-EXT</title>
    <updated>2015-02-12T07:11:24.137Z</updated>
    <link href="info:fedora/alvin-place:1684/RELS-EXT/2015-02-12T07:11:24.137Z" rel="alternate"></link>
    <category term="A" scheme="info:fedora/fedora-system:def/model#state"></category>
    <category term="X" scheme="info:fedora/fedora-system:def/model#controlGroup"></category>
    <category term="false" scheme="info:fedora/fedora-system:def/model#versionable"></category>
  </entry>
  <entry xmlns:thr="http://purl.org/syndication/thread/1.0">
    <id>info:fedora/alvin-place:1684/RELS-EXT/2015-02-12T07:11:24.137Z</id>
    <title type="text">RELS-EXT.0</title>
    <updated>2015-02-12T07:11:24.137Z</updated>
    <thr:in-reply-to ref="info:fedora/alvin-place:1684/RELS-EXT"></thr:in-reply-to>
    <category term="info:fedora/fedora-system:FedoraRELSExt-1.0" scheme="info:fedora/fedora-system:def/model#formatURI"></category>
    <category term="Relationships" scheme="info:fedora/fedora-system:def/model#label"></category>
    <category term="271" scheme="info:fedora/fedora-system:def/model#length"></category>
    <summary type="text">RELS-EXT.0</summary>
    <content type="application/rdf+xml" src="RELS-EXT.0.xml"></content>
  </entry>
  <entry>
    <id>info:fedora/alvin-place:1684/METADATA</id>
    <title type="text">METADATA</title>
    <updated>2018-02-13T09:16:56.592Z</updated>
    <link href="info:fedora/alvin-place:1684/METADATA/2018-02-13T09:16:56.592Z" rel="alternate"></link>
    <category term="A" scheme="info:fedora/fedora-system:def/model#state"></category>
    <category term="M" scheme="info:fedora/fedora-system:def/model#controlGroup"></category>
    <category term="true" scheme="info:fedora/fedora-system:def/model#versionable"></category>
  </entry>
  <entry xmlns:thr="http://purl.org/syndication/thread/1.0">
    <id>info:fedora/alvin-place:1684/METADATA/2018-02-13T09:16:56.592Z</id>
    <title type="text">METADATA.8</title>
    <updated>2018-02-13T09:16:56.592Z</updated>
    <thr:in-reply-to ref="info:fedora/alvin-place:1684/METADATA"></thr:in-reply-to>
    <category term="Alexandria" scheme="info:fedora/fedora-system:def/model#label"></category>
    <category term="SHA-512" scheme="info:fedora/fedora-system:def/model#digestType"></category>
    <category term="0d69b8bc1ea694a33520523646cb378bea987653c095a4c918c85f22fee9564559add9ac02502f14e5f927092c5b29c639471deb210024067e80e3b4d3662157" scheme="info:fedora/fedora-system:def/model#digest"></category>
    <category term="8371" scheme="info:fedora/fedora-system:def/model#length"></category>
    <summary type="text">METADATA.8</summary>
    <content type="text/xml" src="METADATA.8.xml"></content>
  </entry>
  <entry>
    <id>info:fedora/alvin-place:1684/SOURCE_XML</id>
    <title type="text">SOURCE_XML</title>
    <updated>2015-02-12T07:11:24.178Z</updated>
    <link href="info:fedora/alvin-place:1684/SOURCE_XML/2015-02-12T07:11:24.178Z" rel="alternate"></link>
    <category term="A" scheme="info:fedora/fedora-system:def/model#state"></category>
    <category term="M" scheme="info:fedora/fedora-system:def/model#controlGroup"></category>
    <category term="true" scheme="info:fedora/fedora-system:def/model#versionable"></category>
  </entry>
  <entry xmlns:thr="http://purl.org/syndication/thread/1.0">
    <id>info:fedora/alvin-place:1684/SOURCE_XML/2015-02-12T07:11:24.178Z</id>
    <title type="text">SOURCE_XML.0</title>
    <updated>2015-02-12T07:11:24.178Z</updated>
    <thr:in-reply-to ref="info:fedora/alvin-place:1684/SOURCE_XML"></thr:in-reply-to>
    <category term="Waller original XML" scheme="info:fedora/fedora-system:def/model#label"></category>
    <category term="SHA-512" scheme="info:fedora/fedora-system:def/model#digestType"></category>
    <category term="db8e5e64f8f159c1b393fc4c023499c350c56f7a7c0e8ec2f039786696be5da038368bfba6005a520ed9a5b880dfd119900f2e5d5e5777ccd1e0265e6aae596a" scheme="info:fedora/fedora-system:def/model#digest"></category>
    <category term="143" scheme="info:fedora/fedora-system:def/model#length"></category>
    <summary type="text">SOURCE_XML.0</summary>
    <content type="text/xml" src="SOURCE_XML.0.xml"></content>
  </entry>
  <entry>
    <id>info:fedora/alvin-place:1684/AUDIT</id>
    <title type="text">AUDIT</title>
    <updated>2015-02-12T07:11:24.101Z</updated>
    <category term="A" scheme="info:fedora/fedora-system:def/model#state"></category>
    <category term="X" scheme="info:fedora/fedora-system:def/model#controlGroup"></category>
    <category term="false" scheme="info:fedora/fedora-system:def/model#versionable"></category>
    <link href="info:fedora/alvin-place:1684/AUDIT/2015-02-12T07:11:24.101Z" rel="alternate"></link>
  </entry>
  <entry xmlns:thr="http://purl.org/syndication/thread/1.0">
    <id>info:fedora/alvin-place:1684/AUDIT/2015-02-12T07:11:24.101Z</id>
    <title type="text">AUDIT.0</title>
    <updated>2015-02-12T07:11:24.101Z</updated>
    <thr:in-reply-to ref="info:fedora/alvin-place:1684/AUDIT"></thr:in-reply-to>
    <category term="info:fedora/fedora-system:format/xml.fedora.audit" scheme="info:fedora/fedora-system:def/model#formatURI"></category>
    <category term="Audit Trail for this object" scheme="info:fedora/fedora-system:def/model#label"></category>
    <summary type="text">AUDIT.0</summary>
    <content type="text/xml" src="AUDIT.0.xml"></content>
  </entry>
</feed>