<audit:auditTrail xmlns:audit="info:fedora/fedora-system:def/audit#">
<audit:record ID="AUDREC1">
<audit:process type="Fedora API-M"/>
<audit:action>addDatastream</audit:action>
<audit:componentID>METADATA</audit:componentID>
<audit:responsibility>fedoraAdmin</audit:responsibility>
<audit:date>2015-02-12T07:11:24.155Z</audit:date>
<audit:justification>PLACE_IMPORTED</audit:justification>
</audit:record>
<audit:record ID="AUDREC2">
<audit:process type="Fedora API-M"/>
<audit:action>addDatastream</audit:action>
<audit:componentID>SOURCE_XML</audit:componentID>
<audit:responsibility>fedoraAdmin</audit:responsibility>
<audit:date>2015-02-12T07:11:24.178Z</audit:date>
<audit:justification>SOURCE_XML_CREATED</audit:justification>
</audit:record>
<audit:record ID="AUDREC3">
<audit:process type="Fedora API-M"/>
<audit:action>modifyDatastreamByReference</audit:action>
<audit:componentID>METADATA</audit:componentID>
<audit:responsibility>fedoraAdmin</audit:responsibility>
<audit:date>2017-02-24T19:18:13.364Z</audit:date>
<audit:justification>PLACE_UPDATED</audit:justification>
</audit:record>
<audit:record ID="AUDREC4">
<audit:process type="Fedora API-M"/>
<audit:action>modifyDatastreamByReference</audit:action>
<audit:componentID>METADATA</audit:componentID>
<audit:responsibility>fedoraAdmin</audit:responsibility>
<audit:date>2017-02-24T19:26:11.597Z</audit:date>
<audit:justification>PLACE_UPDATED</audit:justification>
</audit:record>
<audit:record ID="AUDREC5">
<audit:process type="Fedora API-M"/>
<audit:action>modifyDatastreamByReference</audit:action>
<audit:componentID>METADATA</audit:componentID>
<audit:responsibility>fedoraAdmin</audit:responsibility>
<audit:date>2017-02-28T10:18:38.903Z</audit:date>
<audit:justification>PLACE_UPDATED</audit:justification>
</audit:record>
<audit:record ID="AUDREC6">
<audit:process type="Fedora API-M"/>
<audit:action>modifyDatastreamByReference</audit:action>
<audit:componentID>METADATA</audit:componentID>
<audit:responsibility>fedoraAdmin</audit:responsibility>
<audit:date>2017-03-01T07:51:39.324Z</audit:date>
<audit:justification>PLACE_UPDATED</audit:justification>
</audit:record>
<audit:record ID="AUDREC7">
<audit:process type="Fedora API-M"/>
<audit:action>modifyDatastreamByReference</audit:action>
<audit:componentID>METADATA</audit:componentID>
<audit:responsibility>fedoraAdmin</audit:responsibility>
<audit:date>2017-03-01T07:52:52.909Z</audit:date>
<audit:justification>PLACE_UPDATED</audit:justification>
</audit:record>
<audit:record ID="AUDREC8">
<audit:process type="Fedora API-M"/>
<audit:action>modifyDatastreamByReference</audit:action>
<audit:componentID>METADATA</audit:componentID>
<audit:responsibility>fedoraAdmin</audit:responsibility>
<audit:date>2017-03-01T09:43:24.537Z</audit:date>
<audit:justification>PLACE_UPDATED</audit:justification>
</audit:record>
<audit:record ID="AUDREC9">
<audit:process type="Fedora API-M"/>
<audit:action>ingest</audit:action>
<audit:componentID></audit:componentID>
<audit:responsibility>fedoraAdmin</audit:responsibility>
<audit:date>2018-01-23T14:43:25.438Z</audit:date>
<audit:justification>Ingested from local file /home/uwek/Workspaces/git/groups/cora/alvin-cora-docker-fedora/docker/places/alvin-place_1684.zip</audit:justification>
</audit:record>
<audit:record ID="AUDREC10">
<audit:process type="Fedora API-M"/>
<audit:action>modifyDatastreamByReference</audit:action>
<audit:componentID>METADATA</audit:componentID>
<audit:responsibility>fedoraAdmin</audit:responsibility>
<audit:date>2018-01-23T14:46:29.047Z</audit:date>
<audit:justification></audit:justification>
</audit:record>
</audit:auditTrail>
