<place id="1"><pid>alvin-place:1684</pid><dsId>METADATA</dsId><recordInfo id="2"><externalDs>false</externalDs><lastAction>UPDATED</lastAction><created id="3"><date id="4">2015-02-12 07:11:16.482 UTC</date><dateInStorage id="5">2015-02-12 07:11:24.155 UTC</dateInStorage><user class="epc.commons.core.authentication.SystemUser" id="6"><userId>SYSTEM</userId><domain>SYSTEM</domain><firstName>System</firstName><lastName>System</lastName><email>noreply@alvin-portal.org</email><name>The System User</name></user><note>Imported from Waller</note><type>IMPORTED</type></created><updated id="7"><userAction reference="3"/><userAction id="8"><date id="9">2017-02-24 19:18:13.659 UTC</date><dateInStorage id="10">2017-02-24 19:18:13.364 UTC</dateInStorage><user class="authenticatedUser" id="11"><userId>henma866</userId><domain>uu</domain><firstName>Hendrik</firstName><lastName>Mäkeler</lastName><email>Hendrik.Makeler@gustavianum.uu.se</email></user><note>Place updated through web gui</note><type>UPDATED</type></userAction><userAction id="12"><date id="13">2017-02-24 19:26:11.904 UTC</date><user class="authenticatedUser" id="14"><userId>henma866</userId><domain>uu</domain><firstName>Hendrik</firstName><lastName>Mäkeler</lastName><email>Hendrik.Makeler@gustavianum.uu.se</email></user><note>Place updated through web gui</note><type>UPDATED</type></userAction></updated></recordInfo><country class="country" id="15"><lastUpdated class="sql-timestamp" id="16">2014-04-17 08:12:48.037</lastUpdated><defaultName>Egypten</defaultName><localisedNames id="17"><entry><string>en</string><string>Egypt</string></entry></localisedNames><alpha2Code>EG</alpha2Code><alpha3Code>EGY</alpha3Code><numericalCode>818</numericalCode><marcCode>ua</marcCode></country><regions id="18"/><defaultPlaceName id="19"><deleted>false</deleted><name>Alexandria</name></defaultPlaceName><placeNameForms id="20"><entry><string>alvin-place:1684:1</string><placeNameForm id="21"><id>alvin-place:1684:1</id><deleted>false</deleted><name>Ἀλεξάνδρεια</name><language id="22"><lastUpdated class="sql-timestamp" id="23">2014-04-17 08:12:50.779</lastUpdated><defaultName>Grekiska - klassisk (-1453)</defaultName><localisedNames id="24"><entry><string>en</string><string>Greek - Ancient (to 1453)</string></entry></localisedNames><alpha3Code>grc</alpha3Code><alpha2Code></alpha2Code></language></placeNameForm></entry><entry><string>alvin-place:1684:0</string><placeNameForm id="25"><id>alvin-place:1684:0</id><deleted>false</deleted><name>الإسكندرية (Al-Iskandariyah)</name><language id="26"><lastUpdated class="sql-timestamp" id="27">2014-04-17 08:12:49.843</lastUpdated><defaultName>Arabiska</defaultName><localisedNames id="28"><entry><string>en</string><string>Arabic</string></entry></localisedNames><alpha3Code>ara</alpha3Code><alpha2Code>ar</alpha2Code></language></placeNameForm></entry></placeNameForms><identifiers id="29"/><localIdentifiers id="30"><localIdentifier id="31"><type class="localIdentifierType" id="32"><lastUpdated class="sql-timestamp" id="33">2014-04-17 08:49:50.65</lastUpdated><defaultName>Waller-id</defaultName><localisedNames id="34"/><code>waller</code><id>114</id><internal>false</internal><organisationUnitId>2</organisationUnitId><unique>false</unique></type><text>2751</text></localIdentifier></localIdentifiers><longitude>29.900833</longitude><latitude>31.193611</latitude></place>