<place id="1">
  <pid>alvin-place:1684</pid>
  <dsId>METADATA</dsId>
  <recordInfo id="2">
    <externalDs>false</externalDs>
    <lastAction>UPDATED</lastAction>
    <created id="3">
      <date id="4">2015-02-12 07:11:16.482 UTC</date>
      <dateInStorage id="5">2015-02-12 07:11:24.155 UTC</dateInStorage>
      <user class="epc.commons.core.authentication.SystemUser" id="6">
        <userId>SYSTEM</userId>
        <domain>SYSTEM</domain>
        <firstName>System</firstName>
        <lastName>System</lastName>
        <email>noreply@alvin-portal.org</email>
        <name>The System User</name>
      </user>
      <note>Imported from Waller</note>
      <type>IMPORTED</type>
    </created>
    <updated id="7">
      <userAction reference="3"/>
      <userAction id="8">
        <date id="9">2017-02-24 19:18:13.659 UTC</date>
        <dateInStorage id="10">2017-02-24 19:18:13.364 UTC</dateInStorage>
        <user class="authenticatedUser" id="11">
          <userId>other</userId>
          <domain>uu</domain>
          <firstName>Other</firstName>
          <lastName>Test</lastName>
          <email>test.testsson@uu.se</email>
        </user>
        <note>Place updated through web gui</note>
        <type>UPDATED</type>
      </userAction>
      <userAction id="12">
        <date id="13">2017-02-24 19:26:11.904 UTC</date>
        <dateInStorage id="14">2017-02-24 19:26:11.597 UTC</dateInStorage>
        <user class="authenticatedUser" id="15">
          <userId>other</userId>
          <domain>uu</domain>
          <firstName>Other</firstName>
          <lastName>Test</lastName>
          <email>test.testsson@uu.se</email>
        </user>
        <note>Place updated through web gui</note>
        <type>UPDATED</type>
      </userAction>
      <userAction id="16">
        <date id="17">2017-02-28 10:18:38.891 UTC</date>
        <dateInStorage id="18">2017-02-28 10:18:38.903 UTC</dateInStorage>
        <user class="authenticatedUser" id="19">
          <userId>other</userId>
          <domain>uu</domain>
          <firstName>Other</firstName>
          <lastName>Test</lastName>
          <email>test.testsson@uu.se</email>
        </user>
        <note>Place updated through web gui</note>
        <type>UPDATED</type>
      </userAction>
      <userAction id="20">
        <date id="21">2017-03-01 07:51:39.674 UTC</date>
        <dateInStorage id="22">2017-03-01 07:51:39.324 UTC</dateInStorage>
        <user class="authenticatedUser" id="23">
          <userId>other</userId>
          <domain>uu</domain>
          <firstName>Other</firstName>
          <lastName>Test</lastName>
          <email>test.testsson@uu.se</email>
        </user>
        <note>Place updated through web gui</note>
        <type>UPDATED</type>
      </userAction>
      <userAction id="24">
        <date id="25">2017-03-01 07:52:53.261 UTC</date>
        <dateInStorage id="26">2017-03-01 07:52:52.909 UTC</dateInStorage>
        <user class="authenticatedUser" id="27">
          <userId>other</userId>
          <domain>uu</domain>
          <firstName>Other</firstName>
          <lastName>Test</lastName>
          <email>test.testsson@uu.se</email>
        </user>
        <note>Place updated through web gui</note>
        <type>UPDATED</type>
      </userAction>
      <userAction id="28">
        <date id="29">2017-03-01 09:43:24.465 UTC</date>
        <user class="authenticatedUser" id="30">
          <userId>other</userId>
          <domain>uu</domain>
          <firstName>Other</firstName>
          <lastName>Test</lastName>
          <email>test.testsson@uu.se</email>
        </user>
        <note>Place updated through web gui</note>
        <type>UPDATED</type>
      </userAction>
    </updated>
  </recordInfo>
  <country class="country" id="31">
    <lastUpdated class="sql-timestamp" id="32">2014-04-17 08:12:48.037</lastUpdated>
    <defaultName>Egypten</defaultName>
    <localisedNames id="33">
      <entry>
        <string>en</string>
        <string>Egypt</string>
      </entry>
    </localisedNames>
    <alpha2Code>EG</alpha2Code>
    <alpha3Code>EGY</alpha3Code>
    <numericalCode>818</numericalCode>
    <marcCode>ua</marcCode>
  </country>
  <regions id="34"/>
  <defaultPlaceName id="35">
    <deleted>false</deleted>
    <name>Alexandria</name>
  </defaultPlaceName>
  <placeNameForms id="36">
    <entry>
      <string>alvin-place:1684:4</string>
      <placeNameForm id="37">
        <id>alvin-place:1684:4</id>
        <deleted>false</deleted>
        <name>Alexandrie</name>
        <language id="38">
          <lastUpdated class="sql-timestamp" id="39">2014-04-17 08:12:50.581</lastUpdated>
          <defaultName>Franska</defaultName>
          <localisedNames id="40">
            <entry>
              <string>en</string>
              <string>French</string>
            </entry>
          </localisedNames>
          <alpha3Code>fre</alpha3Code>
          <alpha2Code>fr</alpha2Code>
        </language>
      </placeNameForm>
    </entry>
    <entry>
      <string>alvin-place:1684:3</string>
      <placeNameForm id="41">
        <id>alvin-place:1684:3</id>
        <deleted>false</deleted>
        <name>الإسكندرية</name>
        <language id="42">
          <lastUpdated class="sql-timestamp" id="43">2014-04-17 08:12:49.843</lastUpdated>
          <defaultName>Arabiska</defaultName>
          <localisedNames id="44">
            <entry>
              <string>en</string>
              <string>Arabic</string>
            </entry>
          </localisedNames>
          <alpha3Code>ara</alpha3Code>
          <alpha2Code>ar</alpha2Code>
        </language>
        <direction>rtl</direction>
      </placeNameForm>
    </entry>
    <entry>
      <string>alvin-place:1684:2</string>
      <placeNameForm id="45">
        <id>alvin-place:1684:2</id>
        <deleted>false</deleted>
        <name>Al-Iskandariyah</name>
        <language id="46">
          <lastUpdated class="sql-timestamp" id="47">2014-04-17 08:12:49.843</lastUpdated>
          <defaultName>Arabiska</defaultName>
          <localisedNames id="48">
            <entry>
              <string>en</string>
              <string>Arabic</string>
            </entry>
          </localisedNames>
          <alpha3Code>ara</alpha3Code>
          <alpha2Code>ar</alpha2Code>
        </language>
      </placeNameForm>
    </entry>
    <entry>
      <string>alvin-place:1684:1</string>
      <placeNameForm id="49">
        <id>alvin-place:1684:1</id>
        <deleted>false</deleted>
        <name>Ἀλεξάνδρεια</name>
        <language id="50">
          <lastUpdated class="sql-timestamp" id="51">2014-04-17 08:12:50.779</lastUpdated>
          <defaultName>Grekiska - klassisk (-1453)</defaultName>
          <localisedNames id="52">
            <entry>
              <string>en</string>
              <string>Greek - Ancient (to 1453)</string>
            </entry>
          </localisedNames>
          <alpha3Code>grc</alpha3Code>
          <alpha2Code/>
        </language>
      </placeNameForm>
    </entry>
    <entry>
      <string>alvin-place:1684:0</string>
      <placeNameForm id="53">
        <id>alvin-place:1684:0</id>
        <deleted>true</deleted>
        <name>الإسكندرية (Al-Iskandariyah)</name>
        <language id="54">
          <lastUpdated class="sql-timestamp" id="55">2014-04-17 08:12:49.843</lastUpdated>
          <defaultName>Arabiska</defaultName>
          <localisedNames id="56">
            <entry>
              <string>en</string>
              <string>Arabic</string>
            </entry>
          </localisedNames>
          <alpha3Code>ara</alpha3Code>
          <alpha2Code>ar</alpha2Code>
        </language>
      </placeNameForm>
    </entry>
  </placeNameForms>
  <identifiers id="57"/>
  <localIdentifiers id="58">
    <localIdentifier id="59">
      <type class="localIdentifierType" id="60">
        <lastUpdated class="sql-timestamp" id="61">2014-04-17 08:49:50.65</lastUpdated>
        <defaultName>Waller-id</defaultName>
        <localisedNames id="62"/>
        <code>waller</code>
        <id>114</id>
        <internal>false</internal>
        <organisationUnitId>2</organisationUnitId>
        <unique>false</unique>
      </type>
      <text>2751</text>
    </localIdentifier>
  </localIdentifiers>
  <longitude>29.900833</longitude>
  <latitude>31.193611</latitude>
</place>
