<place id="1"><pid>alvin-place:1684</pid><dsId>METADATA</dsId><recordInfo id="2"><externalDs>false</externalDs><lastAction>UPDATED</lastAction><created id="3"><date id="4">2015-02-12 07:11:16.482 UTC</date><dateInStorage id="5">2015-02-12 07:11:24.155 UTC</dateInStorage><user class="epc.commons.core.authentication.SystemUser" id="6"><userId>SYSTEM</userId><domain>SYSTEM</domain><firstName>System</firstName><lastName>System</lastName><email>noreply@alvin-portal.org</email><name>The System User</name></user><note>Imported from Waller</note><type>IMPORTED</type></created><updated id="7"><userAction reference="3"/><userAction id="8"><date id="9">2017-02-24 19:18:13.659 UTC</date><user class="authenticatedUser" id="10"><userId>henma866</userId><domain>uu</domain><firstName>Hendrik</firstName><lastName>Mäkeler</lastName><email>Hendrik.Makeler@gustavianum.uu.se</email></user><note>Place updated through web gui</note><type>UPDATED</type></userAction></updated></recordInfo><country class="country" id="11"><lastUpdated class="sql-timestamp" id="12">2014-04-17 08:12:48.037</lastUpdated><defaultName>Egypten</defaultName><localisedNames id="13"><entry><string>en</string><string>Egypt</string></entry></localisedNames><alpha2Code>EG</alpha2Code><alpha3Code>EGY</alpha3Code><numericalCode>818</numericalCode><marcCode>ua</marcCode></country><regions id="14"/><defaultPlaceName id="15"><deleted>false</deleted><name>Alexandria</name></defaultPlaceName><placeNameForms id="16"><entry><string>alvin-place:1684:0</string><placeNameForm id="17"><id>alvin-place:1684:0</id><deleted>false</deleted><name>الإسكندرية (Al-Iskandariyah)</name><language id="18"><lastUpdated class="sql-timestamp" id="19">2014-04-17 08:12:49.843</lastUpdated><defaultName>Arabiska</defaultName><localisedNames id="20"><entry><string>en</string><string>Arabic</string></entry></localisedNames><alpha3Code>ara</alpha3Code><alpha2Code>ar</alpha2Code></language></placeNameForm></entry></placeNameForms><identifiers id="21"/><localIdentifiers id="22"><localIdentifier id="23"><type class="localIdentifierType" id="24"><lastUpdated class="sql-timestamp" id="25">2014-04-17 08:49:50.65</lastUpdated><defaultName>Waller-id</defaultName><localisedNames id="26"/><code>waller</code><id>114</id><internal>false</internal><organisationUnitId>2</organisationUnitId><unique>false</unique></type><text>2751</text></localIdentifier></localIdentifiers><longitude>29.900833</longitude><latitude>31.193611</latitude></place>