<?xml version="1.0" encoding="UTF-8"?>
<feed xmlns="http://www.w3.org/2005/Atom">
  <id>info:fedora/alvin-model:record</id>
  <title type="text">Content model for ArcRecord</title>
  <updated>2014-05-07T12:54:20.828Z</updated>
  <author>
    <name>fedoraAdmin</name>
  </author>
  <category term="Active" scheme="info:fedora/fedora-system:def/model#state"></category>
  <category term="2010-05-31T14:01:50.186Z" scheme="info:fedora/fedora-system:def/model#createdDate"></category>
  <icon>http://www.fedora-commons.org/images/logo_vertical_transparent_200_251.png</icon>
  <entry>
    <id>info:fedora/alvin-model:record/RELS-EXT</id>
    <title type="text">RELS-EXT</title>
    <updated>2010-05-31T14:18:40.857Z</updated>
    <link href="info:fedora/alvin-model:record/RELS-EXT/2010-05-31T14:18:40.857Z" rel="alternate"></link>
    <category term="A" scheme="info:fedora/fedora-system:def/model#state"></category>
    <category term="X" scheme="info:fedora/fedora-system:def/model#controlGroup"></category>
    <category term="true" scheme="info:fedora/fedora-system:def/model#versionable"></category>
  </entry>
  <entry xmlns:thr="http://purl.org/syndication/thread/1.0">
    <id>info:fedora/alvin-model:record/RELS-EXT/2010-05-31T14:01:50.475Z</id>
    <title type="text">RELS-EXT1.0</title>
    <updated>2010-05-31T14:01:50.475Z</updated>
    <thr:in-reply-to ref="info:fedora/alvin-model:record/RELS-EXT"></thr:in-reply-to>
    <category term="info:fedora/fedora-system:FedoraRELSExt-1.0" scheme="info:fedora/fedora-system:def/model#formatURI"></category>
    <category term="RDF Statements about this object" scheme="info:fedora/fedora-system:def/model#label"></category>
    <category term="362" scheme="info:fedora/fedora-system:def/model#length"></category>
    <summary type="text">RELS-EXT1.0</summary>
    <content type="application/rdf+xml" src="RELS-EXT1.0.xml"></content>
  </entry>
  <entry xmlns:thr="http://purl.org/syndication/thread/1.0">
    <id>info:fedora/alvin-model:record/RELS-EXT/2010-05-31T14:18:40.857Z</id>
    <title type="text">RELS-EXT.1</title>
    <updated>2010-05-31T14:18:40.857Z</updated>
    <thr:in-reply-to ref="info:fedora/alvin-model:record/RELS-EXT"></thr:in-reply-to>
    <category term="info:fedora/fedora-system:FedoraRELSExt-1.0" scheme="info:fedora/fedora-system:def/model#formatURI"></category>
    <category term="RDF Statements about this object" scheme="info:fedora/fedora-system:def/model#label"></category>
    <category term="457" scheme="info:fedora/fedora-system:def/model#length"></category>
    <summary type="text">RELS-EXT.1</summary>
    <content type="application/rdf+xml" src="RELS-EXT.1.xml"></content>
  </entry>
  <entry>
    <id>info:fedora/alvin-model:record/DS-COMPOSITE-MODEL</id>
    <title type="text">DS-COMPOSITE-MODEL</title>
    <updated>2012-09-17T13:38:48.077Z</updated>
    <link href="info:fedora/alvin-model:record/DS-COMPOSITE-MODEL/2012-09-17T13:38:48.077Z" rel="alternate"></link>
    <category term="A" scheme="info:fedora/fedora-system:def/model#state"></category>
    <category term="X" scheme="info:fedora/fedora-system:def/model#controlGroup"></category>
    <category term="true" scheme="info:fedora/fedora-system:def/model#versionable"></category>
  </entry>
  <entry xmlns:thr="http://purl.org/syndication/thread/1.0">
    <id>info:fedora/alvin-model:record/DS-COMPOSITE-MODEL/2010-05-31T14:01:50.476Z</id>
    <title type="text">DS-COMPOSITE-MODEL1.0</title>
    <updated>2010-05-31T14:01:50.476Z</updated>
    <thr:in-reply-to ref="info:fedora/alvin-model:record/DS-COMPOSITE-MODEL"></thr:in-reply-to>
    <category term="info:fedora/fedora-system:FedoraDSCompositeModel-1.0" scheme="info:fedora/fedora-system:def/model#formatURI"></category>
    <category term="Datastream Composite Model" scheme="info:fedora/fedora-system:def/model#label"></category>
    <category term="1120" scheme="info:fedora/fedora-system:def/model#length"></category>
    <summary type="text">DS-COMPOSITE-MODEL1.0</summary>
    <content type="text/xml" src="DS-COMPOSITE-MODEL1.0.xml"></content>
  </entry>
  <entry xmlns:thr="http://purl.org/syndication/thread/1.0">
    <id>info:fedora/alvin-model:record/DS-COMPOSITE-MODEL/2010-05-31T14:10:42.791Z</id>
    <title type="text">DS-COMPOSITE-MODEL.1</title>
    <updated>2010-05-31T14:10:42.791Z</updated>
    <thr:in-reply-to ref="info:fedora/alvin-model:record/DS-COMPOSITE-MODEL"></thr:in-reply-to>
    <category term="info:fedora/fedora-system:FedoraDSCompositeModel-1.0" scheme="info:fedora/fedora-system:def/model#formatURI"></category>
    <category term="Datastream Composite Model" scheme="info:fedora/fedora-system:def/model#label"></category>
    <category term="209" scheme="info:fedora/fedora-system:def/model#length"></category>
    <summary type="text">DS-COMPOSITE-MODEL.1</summary>
    <content type="text/xml" src="DS-COMPOSITE-MODEL.1.xml"></content>
  </entry>
  <entry xmlns:thr="http://purl.org/syndication/thread/1.0">
    <id>info:fedora/alvin-model:record/DS-COMPOSITE-MODEL/2012-09-04T11:25:20.033Z</id>
    <title type="text">DS-COMPOSITE-MODEL.2</title>
    <updated>2012-09-04T11:25:20.033Z</updated>
    <thr:in-reply-to ref="info:fedora/alvin-model:record/DS-COMPOSITE-MODEL"></thr:in-reply-to>
    <category term="info:fedora/fedora-system:FedoraDSCompositeModel-1.0" scheme="info:fedora/fedora-system:def/model#formatURI"></category>
    <category term="Datastream Composite Model" scheme="info:fedora/fedora-system:def/model#label"></category>
    <category term="321" scheme="info:fedora/fedora-system:def/model#length"></category>
    <summary type="text">DS-COMPOSITE-MODEL.2</summary>
    <content type="text/xml" src="DS-COMPOSITE-MODEL.2.xml"></content>
  </entry>
  <entry xmlns:thr="http://purl.org/syndication/thread/1.0">
    <id>info:fedora/alvin-model:record/DS-COMPOSITE-MODEL/2012-09-17T13:38:48.077Z</id>
    <title type="text">DS-COMPOSITE-MODEL.3</title>
    <updated>2012-09-17T13:38:48.077Z</updated>
    <thr:in-reply-to ref="info:fedora/alvin-model:record/DS-COMPOSITE-MODEL"></thr:in-reply-to>
    <category term="info:fedora/fedora-system:FedoraDSCompositeModel-1.0" scheme="info:fedora/fedora-system:def/model#formatURI"></category>
    <category term="Datastream Composite Model" scheme="info:fedora/fedora-system:def/model#label"></category>
    <category term="337" scheme="info:fedora/fedora-system:def/model#length"></category>
    <summary type="text">DS-COMPOSITE-MODEL.3</summary>
    <content type="text/xml" src="DS-COMPOSITE-MODEL.3.xml"></content>
  </entry>
  <entry>
    <id>info:fedora/alvin-model:record/DC</id>
    <title type="text">DC</title>
    <updated>2010-05-31T14:01:50.186Z</updated>
    <link href="info:fedora/alvin-model:record/DC/2010-05-31T14:01:50.186Z" rel="alternate"></link>
    <category term="A" scheme="info:fedora/fedora-system:def/model#state"></category>
    <category term="X" scheme="info:fedora/fedora-system:def/model#controlGroup"></category>
    <category term="true" scheme="info:fedora/fedora-system:def/model#versionable"></category>
  </entry>
  <entry xmlns:thr="http://purl.org/syndication/thread/1.0">
    <id>info:fedora/alvin-model:record/DC/2010-05-31T14:01:50.186Z</id>
    <title type="text">DC1.0</title>
    <updated>2010-05-31T14:01:50.186Z</updated>
    <thr:in-reply-to ref="info:fedora/alvin-model:record/DC"></thr:in-reply-to>
    <category term="http://www.openarchives.org/OAI/2.0/oai_dc/" scheme="info:fedora/fedora-system:def/model#formatURI"></category>
    <category term="Dublin Core Record for this object" scheme="info:fedora/fedora-system:def/model#label"></category>
    <category term="398" scheme="info:fedora/fedora-system:def/model#length"></category>
    <summary type="text">DC1.0</summary>
    <content type="text/xml" src="DC1.0.xml"></content>
  </entry>
  <entry>
    <id>info:fedora/alvin-model:record/AUDIT</id>
    <title type="text">AUDIT</title>
    <updated>2010-05-31T14:01:50.186Z</updated>
    <category term="A" scheme="info:fedora/fedora-system:def/model#state"></category>
    <category term="X" scheme="info:fedora/fedora-system:def/model#controlGroup"></category>
    <category term="false" scheme="info:fedora/fedora-system:def/model#versionable"></category>
    <link href="info:fedora/alvin-model:record/AUDIT/2010-05-31T14:01:50.186Z" rel="alternate"></link>
  </entry>
  <entry xmlns:thr="http://purl.org/syndication/thread/1.0">
    <id>info:fedora/alvin-model:record/AUDIT/2010-05-31T14:01:50.186Z</id>
    <title type="text">AUDIT.0</title>
    <updated>2010-05-31T14:01:50.186Z</updated>
    <thr:in-reply-to ref="info:fedora/alvin-model:record/AUDIT"></thr:in-reply-to>
    <category term="info:fedora/fedora-system:format/xml.fedora.audit" scheme="info:fedora/fedora-system:def/model#formatURI"></category>
    <category term="Audit Trail for this object" scheme="info:fedora/fedora-system:def/model#label"></category>
    <summary type="text">AUDIT.0</summary>
    <content type="text/xml" src="AUDIT.0.xml"></content>
  </entry>
</feed>