<?xml version="1.0" encoding="UTF-8"?>
<feed xmlns="http://www.w3.org/2005/Atom">
  <id>info:fedora/alvin-model:record-sdep</id>
  <title type="text">Service deployment for alvin-model:record</title>
  <updated>2014-05-07T12:54:21.409Z</updated>
  <author>
    <name>fedoraAdmin</name>
  </author>
  <category term="Active" scheme="info:fedora/fedora-system:def/model#state"></category>
  <category term="2010-05-31T14:19:34.195Z" scheme="info:fedora/fedora-system:def/model#createdDate"></category>
  <icon>http://www.fedora-commons.org/images/logo_vertical_transparent_200_251.png</icon>
  <entry>
    <id>info:fedora/alvin-model:record-sdep/RELS-EXT</id>
    <title type="text">RELS-EXT</title>
    <updated>2010-05-31T14:21:55.479Z</updated>
    <link href="info:fedora/alvin-model:record-sdep/RELS-EXT/2010-05-31T14:21:55.479Z" rel="alternate"></link>
    <category term="A" scheme="info:fedora/fedora-system:def/model#state"></category>
    <category term="X" scheme="info:fedora/fedora-system:def/model#controlGroup"></category>
    <category term="true" scheme="info:fedora/fedora-system:def/model#versionable"></category>
  </entry>
  <entry xmlns:thr="http://purl.org/syndication/thread/1.0">
    <id>info:fedora/alvin-model:record-sdep/RELS-EXT/2010-05-31T14:19:34.237Z</id>
    <title type="text">RELS-EXT1.0</title>
    <updated>2010-05-31T14:19:34.237Z</updated>
    <thr:in-reply-to ref="info:fedora/alvin-model:record-sdep/RELS-EXT"></thr:in-reply-to>
    <category term="info:fedora/fedora-system:FedoraRELSExt-1.0" scheme="info:fedora/fedora-system:def/model#formatURI"></category>
    <category term="RDF Statements about this object" scheme="info:fedora/fedora-system:def/model#label"></category>
    <category term="612" scheme="info:fedora/fedora-system:def/model#length"></category>
    <summary type="text">RELS-EXT1.0</summary>
    <content type="application/rdf+xml" src="RELS-EXT1.0.xml"></content>
  </entry>
  <entry xmlns:thr="http://purl.org/syndication/thread/1.0">
    <id>info:fedora/alvin-model:record-sdep/RELS-EXT/2010-05-31T14:21:55.479Z</id>
    <title type="text">RELS-EXT.1</title>
    <updated>2010-05-31T14:21:55.479Z</updated>
    <thr:in-reply-to ref="info:fedora/alvin-model:record-sdep/RELS-EXT"></thr:in-reply-to>
    <category term="info:fedora/fedora-system:FedoraRELSExt-1.0" scheme="info:fedora/fedora-system:def/model#formatURI"></category>
    <category term="RDF Statements about this object" scheme="info:fedora/fedora-system:def/model#label"></category>
    <category term="612" scheme="info:fedora/fedora-system:def/model#length"></category>
    <summary type="text">RELS-EXT.1</summary>
    <content type="application/rdf+xml" src="RELS-EXT.1.xml"></content>
  </entry>
  <entry>
    <id>info:fedora/alvin-model:record-sdep/METHODMAP</id>
    <title type="text">METHODMAP</title>
    <updated>2012-10-11T12:05:34.313Z</updated>
    <link href="info:fedora/alvin-model:record-sdep/METHODMAP/2012-10-11T12:05:34.313Z" rel="alternate"></link>
    <category term="A" scheme="info:fedora/fedora-system:def/model#state"></category>
    <category term="X" scheme="info:fedora/fedora-system:def/model#controlGroup"></category>
    <category term="true" scheme="info:fedora/fedora-system:def/model#versionable"></category>
  </entry>
  <entry xmlns:thr="http://purl.org/syndication/thread/1.0">
    <id>info:fedora/alvin-model:record-sdep/METHODMAP/2012-09-18T08:51:13.765Z</id>
    <title type="text">METHODMAP.7</title>
    <updated>2012-09-18T08:51:13.765Z</updated>
    <thr:in-reply-to ref="info:fedora/alvin-model:record-sdep/METHODMAP"></thr:in-reply-to>
    <category term="info:fedora/fedora-system:FedoraSDepMethodMap-1.1" scheme="info:fedora/fedora-system:def/model#formatURI"></category>
    <category term="Deployment Method Map" scheme="info:fedora/fedora-system:def/model#label"></category>
    <category term="1718" scheme="info:fedora/fedora-system:def/model#length"></category>
    <summary type="text">METHODMAP.7</summary>
    <content type="text/xml" src="METHODMAP.7.xml"></content>
  </entry>
  <entry xmlns:thr="http://purl.org/syndication/thread/1.0">
    <id>info:fedora/alvin-model:record-sdep/METHODMAP/2012-10-09T08:45:30.763Z</id>
    <title type="text">METHODMAP.8</title>
    <updated>2012-10-09T08:45:30.763Z</updated>
    <thr:in-reply-to ref="info:fedora/alvin-model:record-sdep/METHODMAP"></thr:in-reply-to>
    <category term="info:fedora/fedora-system:FedoraSDepMethodMap-1.1" scheme="info:fedora/fedora-system:def/model#formatURI"></category>
    <category term="Deployment Method Map" scheme="info:fedora/fedora-system:def/model#label"></category>
    <category term="2234" scheme="info:fedora/fedora-system:def/model#length"></category>
    <summary type="text">METHODMAP.8</summary>
    <content type="text/xml" src="METHODMAP.8.xml"></content>
  </entry>
  <entry xmlns:thr="http://purl.org/syndication/thread/1.0">
    <id>info:fedora/alvin-model:record-sdep/METHODMAP/2012-10-11T12:05:34.313Z</id>
    <title type="text">METHODMAP.12</title>
    <updated>2012-10-11T12:05:34.313Z</updated>
    <thr:in-reply-to ref="info:fedora/alvin-model:record-sdep/METHODMAP"></thr:in-reply-to>
    <category term="info:fedora/fedora-system:FedoraSDepMethodMap-1.1" scheme="info:fedora/fedora-system:def/model#formatURI"></category>
    <category term="Deployment Method Map" scheme="info:fedora/fedora-system:def/model#label"></category>
    <category term="2792" scheme="info:fedora/fedora-system:def/model#length"></category>
    <summary type="text">METHODMAP.12</summary>
    <content type="text/xml" src="METHODMAP.12.xml"></content>
  </entry>
  <entry>
    <id>info:fedora/alvin-model:record-sdep/DSINPUTSPEC</id>
    <title type="text">DSINPUTSPEC</title>
    <updated>2012-09-04T11:35:04.989Z</updated>
    <link href="info:fedora/alvin-model:record-sdep/DSINPUTSPEC/2012-09-04T11:35:04.989Z" rel="alternate"></link>
    <category term="A" scheme="info:fedora/fedora-system:def/model#state"></category>
    <category term="X" scheme="info:fedora/fedora-system:def/model#controlGroup"></category>
    <category term="true" scheme="info:fedora/fedora-system:def/model#versionable"></category>
  </entry>
  <entry xmlns:thr="http://purl.org/syndication/thread/1.0">
    <id>info:fedora/alvin-model:record-sdep/DSINPUTSPEC/2012-09-04T11:35:04.989Z</id>
    <title type="text">DSINPUTSPEC.1</title>
    <updated>2012-09-04T11:35:04.989Z</updated>
    <thr:in-reply-to ref="info:fedora/alvin-model:record-sdep/DSINPUTSPEC"></thr:in-reply-to>
    <category term="info:fedora/fedora-system:FedoraDSInputSpec-1.1" scheme="info:fedora/fedora-system:def/model#formatURI"></category>
    <category term="Datastream Input Specification" scheme="info:fedora/fedora-system:def/model#label"></category>
    <category term="737" scheme="info:fedora/fedora-system:def/model#length"></category>
    <summary type="text">DSINPUTSPEC.1</summary>
    <content type="text/xml" src="DSINPUTSPEC.1.xml"></content>
  </entry>
  <entry>
    <id>info:fedora/alvin-model:record-sdep/WSDL</id>
    <title type="text">WSDL</title>
    <updated>2012-10-15T12:23:15.567Z</updated>
    <link href="info:fedora/alvin-model:record-sdep/WSDL/2012-10-15T12:23:15.567Z" rel="alternate"></link>
    <category term="A" scheme="info:fedora/fedora-system:def/model#state"></category>
    <category term="X" scheme="info:fedora/fedora-system:def/model#controlGroup"></category>
    <category term="true" scheme="info:fedora/fedora-system:def/model#versionable"></category>
  </entry>
  <entry xmlns:thr="http://purl.org/syndication/thread/1.0">
    <id>info:fedora/alvin-model:record-sdep/WSDL/2012-09-18T09:01:39.244Z</id>
    <title type="text">WSDL.13</title>
    <updated>2012-09-18T09:01:39.244Z</updated>
    <thr:in-reply-to ref="info:fedora/alvin-model:record-sdep/WSDL"></thr:in-reply-to>
    <category term="http://schemas.xmlsoap.org/wsdl/" scheme="info:fedora/fedora-system:def/model#formatURI"></category>
    <category term="WSDL Bindings" scheme="info:fedora/fedora-system:def/model#label"></category>
    <category term="3878" scheme="info:fedora/fedora-system:def/model#length"></category>
    <summary type="text">WSDL.13</summary>
    <content type="text/xml" src="WSDL.13.xml"></content>
  </entry>
  <entry xmlns:thr="http://purl.org/syndication/thread/1.0">
    <id>info:fedora/alvin-model:record-sdep/WSDL/2012-10-09T08:45:43.108Z</id>
    <title type="text">WSDL.14</title>
    <updated>2012-10-09T08:45:43.108Z</updated>
    <thr:in-reply-to ref="info:fedora/alvin-model:record-sdep/WSDL"></thr:in-reply-to>
    <category term="http://schemas.xmlsoap.org/wsdl/" scheme="info:fedora/fedora-system:def/model#formatURI"></category>
    <category term="WSDL Bindings" scheme="info:fedora/fedora-system:def/model#label"></category>
    <category term="4621" scheme="info:fedora/fedora-system:def/model#length"></category>
    <summary type="text">WSDL.14</summary>
    <content type="text/xml" src="WSDL.14.xml"></content>
  </entry>
  <entry xmlns:thr="http://purl.org/syndication/thread/1.0">
    <id>info:fedora/alvin-model:record-sdep/WSDL/2012-10-11T12:04:03.402Z</id>
    <title type="text">WSDL.17</title>
    <updated>2012-10-11T12:04:03.402Z</updated>
    <thr:in-reply-to ref="info:fedora/alvin-model:record-sdep/WSDL"></thr:in-reply-to>
    <category term="http://schemas.xmlsoap.org/wsdl/" scheme="info:fedora/fedora-system:def/model#formatURI"></category>
    <category term="WSDL Bindings" scheme="info:fedora/fedora-system:def/model#label"></category>
    <category term="5290" scheme="info:fedora/fedora-system:def/model#length"></category>
    <summary type="text">WSDL.17</summary>
    <content type="text/xml" src="WSDL.17.xml"></content>
  </entry>
  <entry xmlns:thr="http://purl.org/syndication/thread/1.0">
    <id>info:fedora/alvin-model:record-sdep/WSDL/2012-10-15T12:19:02.950Z</id>
    <title type="text">WSDL.18</title>
    <updated>2012-10-15T12:19:02.950Z</updated>
    <thr:in-reply-to ref="info:fedora/alvin-model:record-sdep/WSDL"></thr:in-reply-to>
    <category term="http://schemas.xmlsoap.org/wsdl/" scheme="info:fedora/fedora-system:def/model#formatURI"></category>
    <category term="WSDL Bindings" scheme="info:fedora/fedora-system:def/model#label"></category>
    <category term="5332" scheme="info:fedora/fedora-system:def/model#length"></category>
    <summary type="text">WSDL.18</summary>
    <content type="text/xml" src="WSDL.18.xml"></content>
  </entry>
  <entry xmlns:thr="http://purl.org/syndication/thread/1.0">
    <id>info:fedora/alvin-model:record-sdep/WSDL/2012-10-15T12:23:15.567Z</id>
    <title type="text">WSDL.19</title>
    <updated>2012-10-15T12:23:15.567Z</updated>
    <thr:in-reply-to ref="info:fedora/alvin-model:record-sdep/WSDL"></thr:in-reply-to>
    <category term="http://schemas.xmlsoap.org/wsdl/" scheme="info:fedora/fedora-system:def/model#formatURI"></category>
    <category term="WSDL Bindings" scheme="info:fedora/fedora-system:def/model#label"></category>
    <category term="5322" scheme="info:fedora/fedora-system:def/model#length"></category>
    <summary type="text">WSDL.19</summary>
    <content type="text/xml" src="WSDL.19.xml"></content>
  </entry>
  <entry>
    <id>info:fedora/alvin-model:record-sdep/DC</id>
    <title type="text">DC</title>
    <updated>2010-05-31T14:19:34.195Z</updated>
    <link href="info:fedora/alvin-model:record-sdep/DC/2010-05-31T14:19:34.195Z" rel="alternate"></link>
    <category term="A" scheme="info:fedora/fedora-system:def/model#state"></category>
    <category term="X" scheme="info:fedora/fedora-system:def/model#controlGroup"></category>
    <category term="true" scheme="info:fedora/fedora-system:def/model#versionable"></category>
  </entry>
  <entry xmlns:thr="http://purl.org/syndication/thread/1.0">
    <id>info:fedora/alvin-model:record-sdep/DC/2010-05-31T14:19:34.195Z</id>
    <title type="text">DC1.0</title>
    <updated>2010-05-31T14:19:34.195Z</updated>
    <thr:in-reply-to ref="info:fedora/alvin-model:record-sdep/DC"></thr:in-reply-to>
    <category term="http://www.openarchives.org/OAI/2.0/oai_dc/" scheme="info:fedora/fedora-system:def/model#formatURI"></category>
    <category term="Dublin Core Record for this object" scheme="info:fedora/fedora-system:def/model#label"></category>
    <category term="417" scheme="info:fedora/fedora-system:def/model#length"></category>
    <summary type="text">DC1.0</summary>
    <content type="text/xml" src="DC1.0.xml"></content>
  </entry>
  <entry>
    <id>info:fedora/alvin-model:record-sdep/AUDIT</id>
    <title type="text">AUDIT</title>
    <updated>2010-05-31T14:19:34.195Z</updated>
    <category term="A" scheme="info:fedora/fedora-system:def/model#state"></category>
    <category term="X" scheme="info:fedora/fedora-system:def/model#controlGroup"></category>
    <category term="false" scheme="info:fedora/fedora-system:def/model#versionable"></category>
    <link href="info:fedora/alvin-model:record-sdep/AUDIT/2010-05-31T14:19:34.195Z" rel="alternate"></link>
  </entry>
  <entry xmlns:thr="http://purl.org/syndication/thread/1.0">
    <id>info:fedora/alvin-model:record-sdep/AUDIT/2010-05-31T14:19:34.195Z</id>
    <title type="text">AUDIT.0</title>
    <updated>2010-05-31T14:19:34.195Z</updated>
    <thr:in-reply-to ref="info:fedora/alvin-model:record-sdep/AUDIT"></thr:in-reply-to>
    <category term="info:fedora/fedora-system:format/xml.fedora.audit" scheme="info:fedora/fedora-system:def/model#formatURI"></category>
    <category term="Audit Trail for this object" scheme="info:fedora/fedora-system:def/model#label"></category>
    <summary type="text">AUDIT.0</summary>
    <content type="text/xml" src="AUDIT.0.xml"></content>
  </entry>
</feed>