<audit:auditTrail xmlns:audit="info:fedora/fedora-system:def/audit#">
<audit:record ID="AUDREC1">
<audit:process type="Fedora API-M"/>
<audit:action>ingest</audit:action>
<audit:componentID></audit:componentID>
<audit:responsibility>fedoraAdmin</audit:responsibility>
<audit:date>2010-05-31T14:19:34.195Z</audit:date>
<audit:justification>Created with Admin GUI &quot;New Object&quot; command</audit:justification>
</audit:record>
<audit:record ID="AUDREC2">
<audit:process type="Fedora API-M"/>
<audit:action>modifyDatastreamByValue</audit:action>
<audit:componentID>RELS-EXT</audit:componentID>
<audit:responsibility>fedoraAdmin</audit:responsibility>
<audit:date>2010-05-31T14:21:55.479Z</audit:date>
<audit:justification></audit:justification>
</audit:record>
<audit:record ID="AUDREC3">
<audit:process type="Fedora API-M"/>
<audit:action>modifyDatastreamByValue</audit:action>
<audit:componentID>DSINPUTSPEC</audit:componentID>
<audit:responsibility>fedoraAdmin</audit:responsibility>
<audit:date>2012-09-04T11:35:04.989Z</audit:date>
<audit:justification></audit:justification>
</audit:record>
<audit:record ID="AUDREC4">
<audit:process type="Fedora API-M"/>
<audit:action>modifyDatastreamByValue</audit:action>
<audit:componentID>METHODMAP</audit:componentID>
<audit:responsibility>fedoraAdmin</audit:responsibility>
<audit:date>2012-09-04T11:36:46.246Z</audit:date>
<audit:justification></audit:justification>
</audit:record>
<audit:record ID="AUDREC5">
<audit:process type="Fedora API-M"/>
<audit:action>modifyDatastreamByValue</audit:action>
<audit:componentID>WSDL</audit:componentID>
<audit:responsibility>fedoraAdmin</audit:responsibility>
<audit:date>2012-09-04T11:40:23.639Z</audit:date>
<audit:justification></audit:justification>
</audit:record>
<audit:record ID="AUDREC6">
<audit:process type="Fedora API-M"/>
<audit:action>modifyDatastreamByValue</audit:action>
<audit:componentID>WSDL</audit:componentID>
<audit:responsibility>fedoraAdmin</audit:responsibility>
<audit:date>2012-09-04T11:41:23.461Z</audit:date>
<audit:justification></audit:justification>
</audit:record>
<audit:record ID="AUDREC7">
<audit:process type="Fedora API-M"/>
<audit:action>modifyDatastreamByValue</audit:action>
<audit:componentID>WSDL</audit:componentID>
<audit:responsibility>fedoraAdmin</audit:responsibility>
<audit:date>2012-09-04T11:51:00.763Z</audit:date>
<audit:justification></audit:justification>
</audit:record>
<audit:record ID="AUDREC8">
<audit:process type="Fedora API-M"/>
<audit:action>modifyDatastreamByValue</audit:action>
<audit:componentID>WSDL</audit:componentID>
<audit:responsibility>fedoraAdmin</audit:responsibility>
<audit:date>2012-09-04T12:00:59.606Z</audit:date>
<audit:justification></audit:justification>
</audit:record>
<audit:record ID="AUDREC9">
<audit:process type="Fedora API-M"/>
<audit:action>modifyDatastreamByValue</audit:action>
<audit:componentID>METHODMAP</audit:componentID>
<audit:responsibility>fedoraAdmin</audit:responsibility>
<audit:date>2012-09-11T12:14:09.096Z</audit:date>
<audit:justification></audit:justification>
</audit:record>
<audit:record ID="AUDREC10">
<audit:process type="Fedora API-M"/>
<audit:action>modifyDatastreamByValue</audit:action>
<audit:componentID>METHODMAP</audit:componentID>
<audit:responsibility>fedoraAdmin</audit:responsibility>
<audit:date>2012-09-11T12:17:25.315Z</audit:date>
<audit:justification></audit:justification>
</audit:record>
<audit:record ID="AUDREC11">
<audit:process type="Fedora API-M"/>
<audit:action>modifyDatastreamByValue</audit:action>
<audit:componentID>METHODMAP</audit:componentID>
<audit:responsibility>fedoraAdmin</audit:responsibility>
<audit:date>2012-09-11T12:20:23.188Z</audit:date>
<audit:justification></audit:justification>
</audit:record>
<audit:record ID="AUDREC12">
<audit:process type="Fedora API-M"/>
<audit:action>modifyDatastreamByValue</audit:action>
<audit:componentID>METHODMAP</audit:componentID>
<audit:responsibility>fedoraAdmin</audit:responsibility>
<audit:date>2012-09-11T12:44:08.406Z</audit:date>
<audit:justification></audit:justification>
</audit:record>
<audit:record ID="AUDREC13">
<audit:process type="Fedora API-M"/>
<audit:action>modifyDatastreamByValue</audit:action>
<audit:componentID>WSDL</audit:componentID>
<audit:responsibility>fedoraAdmin</audit:responsibility>
<audit:date>2012-09-11T12:45:17.782Z</audit:date>
<audit:justification></audit:justification>
</audit:record>
<audit:record ID="AUDREC14">
<audit:process type="Fedora API-M"/>
<audit:action>modifyDatastreamByValue</audit:action>
<audit:componentID>WSDL</audit:componentID>
<audit:responsibility>fedoraAdmin</audit:responsibility>
<audit:date>2012-09-11T12:46:03.155Z</audit:date>
<audit:justification></audit:justification>
</audit:record>
<audit:record ID="AUDREC15">
<audit:process type="Fedora API-M"/>
<audit:action>modifyDatastreamByValue</audit:action>
<audit:componentID>WSDL</audit:componentID>
<audit:responsibility>fedoraAdmin</audit:responsibility>
<audit:date>2012-09-11T12:46:19.641Z</audit:date>
<audit:justification></audit:justification>
</audit:record>
<audit:record ID="AUDREC16">
<audit:process type="Fedora API-M"/>
<audit:action>modifyDatastreamByValue</audit:action>
<audit:componentID>METHODMAP</audit:componentID>
<audit:responsibility>fedoraAdmin</audit:responsibility>
<audit:date>2012-09-18T08:31:15.663Z</audit:date>
<audit:justification></audit:justification>
</audit:record>
<audit:record ID="AUDREC17">
<audit:process type="Fedora API-M"/>
<audit:action>modifyDatastreamByValue</audit:action>
<audit:componentID>WSDL</audit:componentID>
<audit:responsibility>fedoraAdmin</audit:responsibility>
<audit:date>2012-09-18T08:33:21.220Z</audit:date>
<audit:justification></audit:justification>
</audit:record>
<audit:record ID="AUDREC18">
<audit:process type="Fedora API-M"/>
<audit:action>modifyDatastreamByValue</audit:action>
<audit:componentID>WSDL</audit:componentID>
<audit:responsibility>fedoraAdmin</audit:responsibility>
<audit:date>2012-09-18T08:35:24.878Z</audit:date>
<audit:justification></audit:justification>
</audit:record>
<audit:record ID="AUDREC19">
<audit:process type="Fedora API-M"/>
<audit:action>modifyDatastreamByValue</audit:action>
<audit:componentID>WSDL</audit:componentID>
<audit:responsibility>fedoraAdmin</audit:responsibility>
<audit:date>2012-09-18T08:44:46.054Z</audit:date>
<audit:justification></audit:justification>
</audit:record>
<audit:record ID="AUDREC20">
<audit:process type="Fedora API-M"/>
<audit:action>modifyDatastreamByValue</audit:action>
<audit:componentID>METHODMAP</audit:componentID>
<audit:responsibility>fedoraAdmin</audit:responsibility>
<audit:date>2012-09-18T08:51:13.765Z</audit:date>
<audit:justification></audit:justification>
</audit:record>
<audit:record ID="AUDREC21">
<audit:process type="Fedora API-M"/>
<audit:action>modifyDatastreamByValue</audit:action>
<audit:componentID>WSDL</audit:componentID>
<audit:responsibility>fedoraAdmin</audit:responsibility>
<audit:date>2012-09-18T08:57:20.005Z</audit:date>
<audit:justification></audit:justification>
</audit:record>
<audit:record ID="AUDREC22">
<audit:process type="Fedora API-M"/>
<audit:action>modifyDatastreamByValue</audit:action>
<audit:componentID>WSDL</audit:componentID>
<audit:responsibility>fedoraAdmin</audit:responsibility>
<audit:date>2012-09-18T08:59:26.743Z</audit:date>
<audit:justification></audit:justification>
</audit:record>
<audit:record ID="AUDREC23">
<audit:process type="Fedora API-M"/>
<audit:action>modifyDatastreamByValue</audit:action>
<audit:componentID>WSDL</audit:componentID>
<audit:responsibility>fedoraAdmin</audit:responsibility>
<audit:date>2012-09-18T09:01:39.244Z</audit:date>
<audit:justification></audit:justification>
</audit:record>
<audit:record ID="AUDREC24">
<audit:process type="Fedora API-M"/>
<audit:action>purgeDatastream</audit:action>
<audit:componentID>METHODMAP</audit:componentID>
<audit:responsibility>fedoraAdmin</audit:responsibility>
<audit:date>2012-10-03T12:59:20.208Z</audit:date>
<audit:justification>DatastreamPane generated this logMessage. . . . Purged datastream (ID=METHODMAP), versions ranging from 2010-05-31T16:19:34.237Z to 2012-09-18T10:31:15.663Z.  This resulted in the permanent removal of 7 datastream version(s) (2010-05-31T16:19:34.237Z, 2012-09-04T13:36:46.246Z, 2012-09-11T14:14:09.096Z, 2012-09-11T14:17:25.315Z, 2012-09-11T14:20:23.188Z, 2012-09-11T14:44:08.406Z, 2012-09-18T10:31:15.663Z) and all associated audit records.</audit:justification>
</audit:record>
<audit:record ID="AUDREC25">
<audit:process type="Fedora API-M"/>
<audit:action>purgeDatastream</audit:action>
<audit:componentID>DSINPUTSPEC</audit:componentID>
<audit:responsibility>fedoraAdmin</audit:responsibility>
<audit:date>2012-10-03T12:59:32.013Z</audit:date>
<audit:justification>DatastreamPane generated this logMessage. . . . Purged datastream (ID=DSINPUTSPEC), versions ranging from 2010-05-31T16:19:34.237Z to 2010-05-31T16:19:34.237Z.  This resulted in the permanent removal of 1 datastream version(s) (2010-05-31T16:19:34.237Z) and all associated audit records.</audit:justification>
</audit:record>
<audit:record ID="AUDREC26">
<audit:process type="Fedora API-M"/>
<audit:action>purgeDatastream</audit:action>
<audit:componentID>WSDL</audit:componentID>
<audit:responsibility>fedoraAdmin</audit:responsibility>
<audit:date>2012-10-03T12:59:48.350Z</audit:date>
<audit:justification>DatastreamPane generated this logMessage. . . . Purged datastream (ID=WSDL), versions ranging from 2010-05-31T16:19:34.243Z to 2012-09-18T10:59:26.743Z.  This resulted in the permanent removal of 13 datastream version(s) (2010-05-31T16:19:34.243Z, 2012-09-04T13:40:23.639Z, 2012-09-04T13:41:23.461Z, 2012-09-04T13:51:00.763Z, 2012-09-04T14:00:59.606Z, 2012-09-11T14:45:17.782Z, 2012-09-11T14:46:03.155Z, 2012-09-11T14:46:19.641Z, 2012-09-18T10:33:21.220Z, 2012-09-18T10:35:24.878Z, 2012-09-18T10:44:46.054Z, 2012-09-18T10:57:20.005Z, 2012-09-18T10:59:26.743Z) and all associated audit records.</audit:justification>
</audit:record>
<audit:record ID="AUDREC27">
<audit:process type="Fedora API-M"/>
<audit:action>modifyDatastreamByValue</audit:action>
<audit:componentID>METHODMAP</audit:componentID>
<audit:responsibility>fedoraAdmin</audit:responsibility>
<audit:date>2012-10-09T08:45:30.763Z</audit:date>
<audit:justification></audit:justification>
</audit:record>
<audit:record ID="AUDREC28">
<audit:process type="Fedora API-M"/>
<audit:action>modifyDatastreamByValue</audit:action>
<audit:componentID>WSDL</audit:componentID>
<audit:responsibility>fedoraAdmin</audit:responsibility>
<audit:date>2012-10-09T08:45:43.108Z</audit:date>
<audit:justification></audit:justification>
</audit:record>
<audit:record ID="AUDREC29">
<audit:process type="Fedora API-M"/>
<audit:action>modifyDatastreamByValue</audit:action>
<audit:componentID>WSDL</audit:componentID>
<audit:responsibility>fedoraAdmin</audit:responsibility>
<audit:date>2012-10-11T11:57:43.790Z</audit:date>
<audit:justification></audit:justification>
</audit:record>
<audit:record ID="AUDREC30">
<audit:process type="Fedora API-M"/>
<audit:action>modifyDatastreamByValue</audit:action>
<audit:componentID>METHODMAP</audit:componentID>
<audit:responsibility>fedoraAdmin</audit:responsibility>
<audit:date>2012-10-11T11:57:51.121Z</audit:date>
<audit:justification></audit:justification>
</audit:record>
<audit:record ID="AUDREC31">
<audit:process type="Fedora API-M"/>
<audit:action>modifyDatastreamByValue</audit:action>
<audit:componentID>WSDL</audit:componentID>
<audit:responsibility>fedoraAdmin</audit:responsibility>
<audit:date>2012-10-11T12:00:25.075Z</audit:date>
<audit:justification></audit:justification>
</audit:record>
<audit:record ID="AUDREC32">
<audit:process type="Fedora API-M"/>
<audit:action>modifyDatastreamByValue</audit:action>
<audit:componentID>METHODMAP</audit:componentID>
<audit:responsibility>fedoraAdmin</audit:responsibility>
<audit:date>2012-10-11T12:01:39.921Z</audit:date>
<audit:justification></audit:justification>
</audit:record>
<audit:record ID="AUDREC33">
<audit:process type="Fedora API-M"/>
<audit:action>modifyDatastreamByValue</audit:action>
<audit:componentID>METHODMAP</audit:componentID>
<audit:responsibility>fedoraAdmin</audit:responsibility>
<audit:date>2012-10-11T12:03:46.149Z</audit:date>
<audit:justification></audit:justification>
</audit:record>
<audit:record ID="AUDREC34">
<audit:process type="Fedora API-M"/>
<audit:action>modifyDatastreamByValue</audit:action>
<audit:componentID>WSDL</audit:componentID>
<audit:responsibility>fedoraAdmin</audit:responsibility>
<audit:date>2012-10-11T12:04:03.402Z</audit:date>
<audit:justification></audit:justification>
</audit:record>
<audit:record ID="AUDREC35">
<audit:process type="Fedora API-M"/>
<audit:action>modifyDatastreamByValue</audit:action>
<audit:componentID>METHODMAP</audit:componentID>
<audit:responsibility>fedoraAdmin</audit:responsibility>
<audit:date>2012-10-11T12:05:34.313Z</audit:date>
<audit:justification></audit:justification>
</audit:record>
<audit:record ID="AUDREC36">
<audit:process type="Fedora API-M"/>
<audit:action>purgeDatastream</audit:action>
<audit:componentID>METHODMAP</audit:componentID>
<audit:responsibility>fedoraAdmin</audit:responsibility>
<audit:date>2012-10-11T12:57:21.920Z</audit:date>
<audit:justification>DatastreamPane generated this logMessage. . . . Purged datastream (ID=METHODMAP), versions ranging from 2012-10-11T13:57:51.121Z to 2012-10-11T14:03:46.149Z.  This resulted in the permanent removal of 3 datastream version(s) (2012-10-11T13:57:51.121Z, 2012-10-11T14:01:39.921Z, 2012-10-11T14:03:46.149Z) and all associated audit records.</audit:justification>
</audit:record>
<audit:record ID="AUDREC37">
<audit:process type="Fedora API-M"/>
<audit:action>purgeDatastream</audit:action>
<audit:componentID>WSDL</audit:componentID>
<audit:responsibility>fedoraAdmin</audit:responsibility>
<audit:date>2012-10-11T12:57:54.599Z</audit:date>
<audit:justification>DatastreamPane generated this logMessage. . . . Purged datastream (ID=WSDL), versions ranging from 2012-10-11T13:57:43.790Z to 2012-10-11T14:00:25.075Z.  This resulted in the permanent removal of 2 datastream version(s) (2012-10-11T13:57:43.790Z, 2012-10-11T14:00:25.075Z) and all associated audit records.</audit:justification>
</audit:record>
<audit:record ID="AUDREC38">
<audit:process type="Fedora API-M"/>
<audit:action>modifyDatastreamByValue</audit:action>
<audit:componentID>METHODMAP</audit:componentID>
<audit:responsibility>fedoraAdmin</audit:responsibility>
<audit:date>2012-10-15T12:16:26.858Z</audit:date>
<audit:justification></audit:justification>
</audit:record>
<audit:record ID="AUDREC39">
<audit:process type="Fedora API-M"/>
<audit:action>modifyDatastreamByValue</audit:action>
<audit:componentID>WSDL</audit:componentID>
<audit:responsibility>fedoraAdmin</audit:responsibility>
<audit:date>2012-10-15T12:19:02.950Z</audit:date>
<audit:justification></audit:justification>
</audit:record>
<audit:record ID="AUDREC40">
<audit:process type="Fedora API-M"/>
<audit:action>purgeDatastream</audit:action>
<audit:componentID>METHODMAP</audit:componentID>
<audit:responsibility>fedoraAdmin</audit:responsibility>
<audit:date>2012-10-15T12:19:11.622Z</audit:date>
<audit:justification>DatastreamPane generated this logMessage. . . . Purged datastream (ID=METHODMAP), versions ranging from 2012-10-15T14:16:26.858Z to 2012-10-15T14:16:26.858Z.  This resulted in the permanent removal of 1 datastream version(s) (2012-10-15T14:16:26.858Z) and all associated audit records.</audit:justification>
</audit:record>
<audit:record ID="AUDREC41">
<audit:process type="Fedora API-M"/>
<audit:action>modifyDatastreamByValue</audit:action>
<audit:componentID>WSDL</audit:componentID>
<audit:responsibility>fedoraAdmin</audit:responsibility>
<audit:date>2012-10-15T12:23:15.567Z</audit:date>
<audit:justification></audit:justification>
</audit:record>
</audit:auditTrail>
