
<fbs:DSInputSpec xmlns:fbs="http://fedora.comm.nsdlib.org/service/bindspec">
          <comment xmlns="info:fedora/fedora-system:def/comment#">
          This DSINPUTSPEC datastream is included as a starting point to
          assist in the creation of a service deployment. The DSINPUTSPEC
          should define the datastreams to be used by WSDL-defined methods.
        </comment>
          <fbs:DSInput DSMax="1" DSMin="1" DSOrdinality="false" wsdlMsgPartName="METADATA">
            <fbs:DSInputLabel>XML source file</fbs:DSInputLabel>
            <fbs:DSMIME>text/xml</fbs:DSMIME>
            <fbs:DSInputInstruction>XML source file to be transformed</fbs:DSInputInstruction>
          </fbs:DSInput>
        </fbs:DSInputSpec>
