
<fmm:MethodMap xmlns:fmm="http://fedora.comm.nsdlib.org/service/methodmap">
          <comment xmlns="info:fedora/fedora-system:def/comment#">
          This METHODMAP datastream is included as a starting point to
          assist in the creation of a service deployment. The METHODMAP
          should define the the mapping of the WSDL to Fedora object methods.
        </comment>
          <fmm:Method operationName="getMetadata" wsdlMsgName="getContentRequest" wsdlMsgOutput="xslt_response">
            <fmm:DatastreamInputParm parmName="METADATA" passBy="URL_REF" required="true"></fmm:DatastreamInputParm>
            <fmm:DefaultInputParm defaultValue="http://localhost:8088/fedora/get/alvin-model:record-xsl/METADATA_CLEANUP" parmName="xsl" passBy="URL_REF" required="true"></fmm:DefaultInputParm>
            <fmm:MethodReturnType wsdlMsgName="xslt_response" wsdlMsgTOMIME="text/xml"></fmm:MethodReturnType>
          </fmm:Method>
          <fmm:Method operationName="getFreeText" wsdlMsgName="getContentRequest" wsdlMsgOutput="xslt_response">
            <fmm:DatastreamInputParm parmName="METADATA" passBy="URL_REF" required="true"></fmm:DatastreamInputParm>
            <fmm:UserInputParm parmName="PID" passBy="VALUE" required="true"></fmm:UserInputParm>
            <fmm:UserInputParm parmName="DSID" passBy="VALUE" required="true"></fmm:UserInputParm>
            <fmm:DefaultInputParm defaultValue="http://localhost:8088/fedora/get/alvin-model:record-xsl/FREETEXT" parmName="xsl" passBy="URL_REF" required="true"></fmm:DefaultInputParm>
            <fmm:MethodReturnType wsdlMsgName="xslt_response" wsdlMsgTOMIME="text/plain"></fmm:MethodReturnType>
          </fmm:Method>
        </fmm:MethodMap>
