
<rdf:RDF xmlns:rdf="http://www.w3.org/1999/02/22-rdf-syntax-ns#">
          <rdf:Description rdf:about="info:fedora/alvin-model:record-sdep">
            <hasModel xmlns="info:fedora/fedora-system:def/model#" rdf:resource="info:fedora/fedora-system:ServiceDeployment-3.0"></hasModel>
            <isDeploymentOf xmlns="info:fedora/fedora-system:def/model#" rdf:resource="info:fedora/alvin-model:record-sdef"></isDeploymentOf>
            <isContractorOf xmlns="info:fedora/fedora-system:def/model#" rdf:resource="info:fedora/alvin-model:record"></isContractorOf>
          </rdf:Description>
        </rdf:RDF>
