
<rdf:RDF xmlns:fedora-model="info:fedora/fedora-system:def/model#" xmlns:rdf="http://www.w3.org/1999/02/22-rdf-syntax-ns#">
          <rdf:Description rdf:about="info:fedora/alvin-model:record-sdep">
            <fedora-model:hasModel rdf:resource="info:fedora/fedora-system:ServiceDeployment-3.0"></fedora-model:hasModel>
            <fedora-model:isDeploymentOf rdf:resource="info:fedora/changeme-to-sDefPid"></fedora-model:isDeploymentOf>
            <fedora-model:isContractorOf rdf:resource="info:fedora/changeme-to-cModelPid"></fedora-model:isContractorOf>
          </rdf:Description>
        </rdf:RDF>
