
<wsdl:definitions xmlns:http="http://schemas.xmlsoap.org/wsdl/http/" xmlns:mime="http://schemas.xmlsoap.org/wsdl/mime/" xmlns:soap="http://schemas.xmlsoap.org/wsdl/soap" xmlns:soapenc="http://schemas.xmlsoap.org/wsdl/soap/encoding" xmlns:this="saxon" xmlns:wsdl="http://schemas.xmlsoap.org/wsdl/" xmlns:xsd="http://www.w3.org/2001/XMLSchema" name="Fedora Local Saxon Service" targetNamespace="saxon">
          <comment xmlns="info:fedora/fedora-system:def/comment#">
          This WSDL datastream is included as a starting point to
            assist in the creation of a service deployment. The WSDL
            should define the services provided by this
            service deployment.
          For more information about service deployments, see:
            http://fedora-commons.org/confluence/x/dgBI.
          For examples of completed service deployment objects, see the demonstration
            objects included with your Fedora distribution, such as:
            demo:2, demo:13, demo:20, and demo:28.
          For more information about the demonstration objects, see:
            http://fedora-commons.org/confluence/x/AwFI.
        </comment>
          <wsdl:types>
            <xsd:schema targetNamespace="saxon">
              <xsd:simpleType name="URLType">
                <xsd:restriction base="xsd:string"></xsd:restriction>
              </xsd:simpleType>
            </xsd:schema>
          </wsdl:types>
          <wsdl:message name="getContentRequest">
            <wsdl:part name="METADATA" type="this:URLType"></wsdl:part>
            <wsdl:part name="PID" type="this:URLType"></wsdl:part>
            <wsdl:part name="DSID" type="this:URLType"></wsdl:part>
            <wsdl:part name="xsl" type="this:URLType"></wsdl:part>
          </wsdl:message>
          <wsdl:message name="xslt_response">
            <wsdl:part name="exhibit" type="xsd:base64Binary"></wsdl:part>
          </wsdl:message>
          <wsdl:portType name="FedoraSaxonPortType">
            <wsdl:operation name="getMetadata">
              <wsdl:input message="this:getContentRequest"></wsdl:input>
              <wsdl:output message="this:xslt_response"></wsdl:output>
            </wsdl:operation>
            <wsdl:operation name="getNoRef">
              <wsdl:input message="this:getContentRequest"></wsdl:input>
              <wsdl:output message="this:xslt_response"></wsdl:output>
            </wsdl:operation>
            <wsdl:operation name="getFreeText">
              <wsdl:input message="this:getContentRequest"></wsdl:input>
              <wsdl:output message="this:xslt_response"></wsdl:output>
            </wsdl:operation>
            <wsdl:operation name="clearCache">
              <wsdl:input message="this:getContentRequest"></wsdl:input>
              <wsdl:output message="this:xslt_response"></wsdl:output>
            </wsdl:operation>
          </wsdl:portType>
          <wsdl:service name="FedoraSaxon">
            <wsdl:port binding="this:FedoraSaxon_http" name="FedoraSaxon_port">
              <http:address location="http://local.fedora.server/saxon/"></http:address>
            </wsdl:port>
          </wsdl:service>
          <wsdl:binding name="FedoraSaxon_http" type="this:FedoraSaxonPortType">
            <http:binding verb="GET"></http:binding>
            <wsdl:operation name="getMetadata">
              <http:operation location="SaxonServlet?source=(METADATA)&amp;style=(xsl)&amp;clear-stylesheet-cache=no"></http:operation>
              <wsdl:input>
                <http:urlReplacement></http:urlReplacement>
              </wsdl:input>
              <wsdl:output>
                <mime:content type="text/xml"></mime:content>
              </wsdl:output>
            </wsdl:operation>
            <wsdl:operation name="getNoRef">
              <http:operation location="SaxonServlet?source=http%3A%2F%2Flocalhost%3A8088%2Ffedora%2Fobjects%2F(PID)%2Fdatastreams%2F(DSID)%2Fcontent&amp;style=(xsl)&amp;clear-stylesheet-cache=no"></http:operation>
              <wsdl:input>
                <http:urlReplacement></http:urlReplacement>
              </wsdl:input>
              <wsdl:output>
                <mime:content type="text/xml"></mime:content>
              </wsdl:output>
            </wsdl:operation>
            <wsdl:operation name="getFreeText">
              <http:operation location="SaxonServlet?source=http%3A%2F%2Flocalhost%3A8088%2Ffedora%2Fget%2F(PID)%2Falvin-model%3Arecord-sdef%2FgetNoRef%3FPID%3D(PID)%26DSID%3D(DSID)%2Fcontent&amp;style=(xsl)&amp;clear-stylesheet-cache=no"></http:operation>
              <wsdl:input>
                <http:urlReplacement></http:urlReplacement>
              </wsdl:input>
              <wsdl:output>
                <mime:content type="text/plain"></mime:content>
              </wsdl:output>
            </wsdl:operation>
            <wsdl:operation name="clearCache">
              <http:operation location="SaxonServlet?source=(METADATA)&amp;style=(xsl)&amp;clear-stylesheet-cache=yes"></http:operation>
              <wsdl:input>
                <http:urlReplacement></http:urlReplacement>
              </wsdl:input>
              <wsdl:output>
                <mime:content type="text/xml"></mime:content>
              </wsdl:output>
            </wsdl:operation>
          </wsdl:binding>
        </wsdl:definitions>
