<?xml version="1.0" encoding="UTF-8"?>
<feed xmlns="http://www.w3.org/2005/Atom">
  <id>info:fedora/alvin-place:679</id>
  <title type="text">Uppsala</title>
  <updated>2018-01-23T14:44:22.173Z</updated>
  <author>
    <name>fedoraAdmin</name>
  </author>
  <category term="Active" scheme="info:fedora/fedora-system:def/model#state"></category>
  <category term="2015-02-12T07:08:17.623Z" scheme="info:fedora/fedora-system:def/model#createdDate"></category>
  <icon>http://www.fedora-commons.org/images/logo_vertical_transparent_200_251.png</icon>
  <entry>
    <id>info:fedora/alvin-place:679/DC</id>
    <title type="text">DC</title>
    <updated>2015-02-12T07:08:17.623Z</updated>
    <link href="info:fedora/alvin-place:679/DC/2015-02-12T07:08:17.623Z" rel="alternate"></link>
    <category term="A" scheme="info:fedora/fedora-system:def/model#state"></category>
    <category term="X" scheme="info:fedora/fedora-system:def/model#controlGroup"></category>
    <category term="true" scheme="info:fedora/fedora-system:def/model#versionable"></category>
  </entry>
  <entry xmlns:thr="http://purl.org/syndication/thread/1.0">
    <id>info:fedora/alvin-place:679/DC/2015-02-12T07:08:17.623Z</id>
    <title type="text">DC1.0</title>
    <updated>2015-02-12T07:08:17.623Z</updated>
    <thr:in-reply-to ref="info:fedora/alvin-place:679/DC"></thr:in-reply-to>
    <category term="http://www.openarchives.org/OAI/2.0/oai_dc/" scheme="info:fedora/fedora-system:def/model#formatURI"></category>
    <category term="Dublin Core Record for this object" scheme="info:fedora/fedora-system:def/model#label"></category>
    <category term="375" scheme="info:fedora/fedora-system:def/model#length"></category>
    <summary type="text">DC1.0</summary>
    <content type="text/xml" src="DC1.0.xml"></content>
  </entry>
  <entry>
    <id>info:fedora/alvin-place:679/RELS-EXT</id>
    <title type="text">RELS-EXT</title>
    <updated>2015-02-12T07:08:17.659Z</updated>
    <link href="info:fedora/alvin-place:679/RELS-EXT/2015-02-12T07:08:17.659Z" rel="alternate"></link>
    <category term="A" scheme="info:fedora/fedora-system:def/model#state"></category>
    <category term="X" scheme="info:fedora/fedora-system:def/model#controlGroup"></category>
    <category term="false" scheme="info:fedora/fedora-system:def/model#versionable"></category>
  </entry>
  <entry xmlns:thr="http://purl.org/syndication/thread/1.0">
    <id>info:fedora/alvin-place:679/RELS-EXT/2015-02-12T07:08:17.659Z</id>
    <title type="text">RELS-EXT.0</title>
    <updated>2015-02-12T07:08:17.659Z</updated>
    <thr:in-reply-to ref="info:fedora/alvin-place:679/RELS-EXT"></thr:in-reply-to>
    <category term="info:fedora/fedora-system:FedoraRELSExt-1.0" scheme="info:fedora/fedora-system:def/model#formatURI"></category>
    <category term="Relationships" scheme="info:fedora/fedora-system:def/model#label"></category>
    <category term="270" scheme="info:fedora/fedora-system:def/model#length"></category>
    <summary type="text">RELS-EXT.0</summary>
    <content type="application/rdf+xml" src="RELS-EXT.0.xml"></content>
  </entry>
  <entry>
    <id>info:fedora/alvin-place:679/METADATA</id>
    <title type="text">METADATA</title>
    <updated>2018-01-23T14:44:22.173Z</updated>
    <link href="info:fedora/alvin-place:679/METADATA/2018-01-23T14:44:22.173Z" rel="alternate"></link>
    <category term="A" scheme="info:fedora/fedora-system:def/model#state"></category>
    <category term="M" scheme="info:fedora/fedora-system:def/model#controlGroup"></category>
    <category term="true" scheme="info:fedora/fedora-system:def/model#versionable"></category>
  </entry>
  <entry xmlns:thr="http://purl.org/syndication/thread/1.0">
    <id>info:fedora/alvin-place:679/METADATA/2015-02-12T07:08:17.678Z</id>
    <title type="text">METADATA.0</title>
    <updated>2015-02-12T07:08:17.678Z</updated>
    <thr:in-reply-to ref="info:fedora/alvin-place:679/METADATA"></thr:in-reply-to>
    <category term="Uppsala" scheme="info:fedora/fedora-system:def/model#label"></category>
    <category term="SHA-512" scheme="info:fedora/fedora-system:def/model#digestType"></category>
    <category term="9992f0892deeb3b93b68106a46c43631c57cd375dd9df71df9818369fb1e3b13086959d8c62aafaccf22cf7ed352a03f48290335579a3190f7ef58b74c38766b" scheme="info:fedora/fedora-system:def/model#digest"></category>
    <category term="1126" scheme="info:fedora/fedora-system:def/model#length"></category>
    <summary type="text">METADATA.0</summary>
    <content type="text/xml" src="METADATA.0.xml"></content>
  </entry>
  <entry xmlns:thr="http://purl.org/syndication/thread/1.0">
    <id>info:fedora/alvin-place:679/METADATA/2016-10-12T17:19:56.546Z</id>
    <title type="text">METADATA.1</title>
    <updated>2016-10-12T17:19:56.546Z</updated>
    <thr:in-reply-to ref="info:fedora/alvin-place:679/METADATA"></thr:in-reply-to>
    <category term="Uppsala" scheme="info:fedora/fedora-system:def/model#label"></category>
    <category term="SHA-512" scheme="info:fedora/fedora-system:def/model#digestType"></category>
    <category term="e02b143b3a911832c5207258c96507339743e5d06c07d1e6eb2cbb491970b08e0ee03c54578bab15861e433643d4ebdbb7f0da391b58cdd89d13e7bd1956cf07" scheme="info:fedora/fedora-system:def/model#digest"></category>
    <category term="3869" scheme="info:fedora/fedora-system:def/model#length"></category>
    <summary type="text">METADATA.1</summary>
    <content type="text/xml" src="METADATA.1.xml"></content>
  </entry>
  <entry xmlns:thr="http://purl.org/syndication/thread/1.0">
    <id>info:fedora/alvin-place:679/METADATA/2018-01-23T14:44:22.173Z</id>
    <title type="text">METADATA.2</title>
    <updated>2018-01-23T14:44:22.173Z</updated>
    <thr:in-reply-to ref="info:fedora/alvin-place:679/METADATA"></thr:in-reply-to>
    <category term="Uppsala" scheme="info:fedora/fedora-system:def/model#label"></category>
    <category term="SHA-512" scheme="info:fedora/fedora-system:def/model#digestType"></category>
    <category term="05df01c13eb8da1174e68bd3044bf361e0cc581d2b344b54d057e33fe552f39087797324cb9d5aba15f411445434153f195ec13a794ba71a4661f562000038cb" scheme="info:fedora/fedora-system:def/model#digest"></category>
    <category term="5161" scheme="info:fedora/fedora-system:def/model#length"></category>
    <summary type="text">METADATA.2</summary>
    <content type="text/xml" src="METADATA.2.xml"></content>
  </entry>
  <entry>
    <id>info:fedora/alvin-place:679/SOURCE_XML</id>
    <title type="text">SOURCE_XML</title>
    <updated>2015-02-12T07:08:17.701Z</updated>
    <link href="info:fedora/alvin-place:679/SOURCE_XML/2015-02-12T07:08:17.701Z" rel="alternate"></link>
    <category term="A" scheme="info:fedora/fedora-system:def/model#state"></category>
    <category term="M" scheme="info:fedora/fedora-system:def/model#controlGroup"></category>
    <category term="true" scheme="info:fedora/fedora-system:def/model#versionable"></category>
  </entry>
  <entry xmlns:thr="http://purl.org/syndication/thread/1.0">
    <id>info:fedora/alvin-place:679/SOURCE_XML/2015-02-12T07:08:17.701Z</id>
    <title type="text">SOURCE_XML.0</title>
    <updated>2015-02-12T07:08:17.701Z</updated>
    <thr:in-reply-to ref="info:fedora/alvin-place:679/SOURCE_XML"></thr:in-reply-to>
    <category term="Waller original XML" scheme="info:fedora/fedora-system:def/model#label"></category>
    <category term="SHA-512" scheme="info:fedora/fedora-system:def/model#digestType"></category>
    <category term="51eb3666db2f5151db5a246c8e300e803c55edbb0aa7eda11eb3451f9c1d210a56523ed3e63ef1f5de07693974cfbf9f13036ca2a3f48d9e63bdd15cc2417c59" scheme="info:fedora/fedora-system:def/model#digest"></category>
    <category term="118" scheme="info:fedora/fedora-system:def/model#length"></category>
    <summary type="text">SOURCE_XML.0</summary>
    <content type="text/xml" src="SOURCE_XML.0.xml"></content>
  </entry>
  <entry>
    <id>info:fedora/alvin-place:679/AUDIT</id>
    <title type="text">AUDIT</title>
    <updated>2015-02-12T07:08:17.623Z</updated>
    <category term="A" scheme="info:fedora/fedora-system:def/model#state"></category>
    <category term="X" scheme="info:fedora/fedora-system:def/model#controlGroup"></category>
    <category term="false" scheme="info:fedora/fedora-system:def/model#versionable"></category>
    <link href="info:fedora/alvin-place:679/AUDIT/2015-02-12T07:08:17.623Z" rel="alternate"></link>
  </entry>
  <entry xmlns:thr="http://purl.org/syndication/thread/1.0">
    <id>info:fedora/alvin-place:679/AUDIT/2015-02-12T07:08:17.623Z</id>
    <title type="text">AUDIT.0</title>
    <updated>2015-02-12T07:08:17.623Z</updated>
    <thr:in-reply-to ref="info:fedora/alvin-place:679/AUDIT"></thr:in-reply-to>
    <category term="info:fedora/fedora-system:format/xml.fedora.audit" scheme="info:fedora/fedora-system:def/model#formatURI"></category>
    <category term="Audit Trail for this object" scheme="info:fedora/fedora-system:def/model#label"></category>
    <summary type="text">AUDIT.0</summary>
    <content type="text/xml" src="AUDIT.0.xml"></content>
  </entry>
</feed>