<?xml version="1.0" encoding="UTF-8"?>
<feed xmlns="http://www.w3.org/2005/Atom">
  <id>info:fedora/alvin-place:22</id>
  <title type="text">Linköping</title>
  <updated>2018-02-13T09:12:30.959Z</updated>
  <author>
    <name>fedoraAdmin</name>
  </author>
  <category term="Active" scheme="info:fedora/fedora-system:def/model#state"></category>
  <category term="2014-12-18T20:20:39.732Z" scheme="info:fedora/fedora-system:def/model#createdDate"></category>
  <icon>http://www.fedora-commons.org/images/logo_vertical_transparent_200_251.png</icon>
  <entry>
    <id>info:fedora/alvin-place:22/DC</id>
    <title type="text">DC</title>
    <updated>2014-12-18T20:20:39.732Z</updated>
    <link href="info:fedora/alvin-place:22/DC/2014-12-18T20:20:39.732Z" rel="alternate"></link>
    <category term="A" scheme="info:fedora/fedora-system:def/model#state"></category>
    <category term="X" scheme="info:fedora/fedora-system:def/model#controlGroup"></category>
    <category term="true" scheme="info:fedora/fedora-system:def/model#versionable"></category>
  </entry>
  <entry xmlns:thr="http://purl.org/syndication/thread/1.0">
    <id>info:fedora/alvin-place:22/DC/2014-12-18T20:20:39.732Z</id>
    <title type="text">DC1.0</title>
    <updated>2014-12-18T20:20:39.732Z</updated>
    <thr:in-reply-to ref="info:fedora/alvin-place:22/DC"></thr:in-reply-to>
    <category term="http://www.openarchives.org/OAI/2.0/oai_dc/" scheme="info:fedora/fedora-system:def/model#formatURI"></category>
    <category term="Dublin Core Record for this object" scheme="info:fedora/fedora-system:def/model#label"></category>
    <category term="377" scheme="info:fedora/fedora-system:def/model#length"></category>
    <summary type="text">DC1.0</summary>
    <content type="text/xml" src="DC1.0.xml"></content>
  </entry>
  <entry>
    <id>info:fedora/alvin-place:22/RELS-EXT</id>
    <title type="text">RELS-EXT</title>
    <updated>2014-12-18T20:20:39.796Z</updated>
    <link href="info:fedora/alvin-place:22/RELS-EXT/2014-12-18T20:20:39.796Z" rel="alternate"></link>
    <category term="A" scheme="info:fedora/fedora-system:def/model#state"></category>
    <category term="X" scheme="info:fedora/fedora-system:def/model#controlGroup"></category>
    <category term="false" scheme="info:fedora/fedora-system:def/model#versionable"></category>
  </entry>
  <entry xmlns:thr="http://purl.org/syndication/thread/1.0">
    <id>info:fedora/alvin-place:22/RELS-EXT/2014-12-18T20:20:39.796Z</id>
    <title type="text">RELS-EXT.0</title>
    <updated>2014-12-18T20:20:39.796Z</updated>
    <thr:in-reply-to ref="info:fedora/alvin-place:22/RELS-EXT"></thr:in-reply-to>
    <category term="info:fedora/fedora-system:FedoraRELSExt-1.0" scheme="info:fedora/fedora-system:def/model#formatURI"></category>
    <category term="Relationships" scheme="info:fedora/fedora-system:def/model#label"></category>
    <category term="269" scheme="info:fedora/fedora-system:def/model#length"></category>
    <summary type="text">RELS-EXT.0</summary>
    <content type="application/rdf+xml" src="RELS-EXT.0.xml"></content>
  </entry>
  <entry>
    <id>info:fedora/alvin-place:22/METADATA</id>
    <title type="text">METADATA</title>
    <updated>2018-02-13T09:12:21.785Z</updated>
    <link href="info:fedora/alvin-place:22/METADATA/2018-02-13T09:12:21.785Z" rel="alternate"></link>
    <category term="A" scheme="info:fedora/fedora-system:def/model#state"></category>
    <category term="M" scheme="info:fedora/fedora-system:def/model#controlGroup"></category>
    <category term="true" scheme="info:fedora/fedora-system:def/model#versionable"></category>
  </entry>
  <entry xmlns:thr="http://purl.org/syndication/thread/1.0">
    <id>info:fedora/alvin-place:22/METADATA/2018-02-13T09:12:21.785Z</id>
    <title type="text">METADATA.6</title>
    <updated>2018-02-13T09:12:21.785Z</updated>
    <thr:in-reply-to ref="info:fedora/alvin-place:22/METADATA"></thr:in-reply-to>
    <category term="Linköping" scheme="info:fedora/fedora-system:def/model#label"></category>
    <category term="SHA-512" scheme="info:fedora/fedora-system:def/model#digestType"></category>
    <category term="6ae926a8961f4da9dec8c2bfb4092220540fe938dc22f88237bd168f682d5c6c734b5abe70a5f11bdd441c162706cb63e45c5124612313330e7001c03951312f" scheme="info:fedora/fedora-system:def/model#digest"></category>
    <category term="2489" scheme="info:fedora/fedora-system:def/model#length"></category>
    <summary type="text">METADATA.6</summary>
    <content type="text/xml" src="METADATA.6.xml"></content>
  </entry>
  <entry>
    <id>info:fedora/alvin-place:22/SOURCE_XML</id>
    <title type="text">SOURCE_XML</title>
    <updated>2017-08-17T06:55:58.770Z</updated>
    <link href="info:fedora/alvin-place:22/SOURCE_XML/2017-08-17T06:55:58.770Z" rel="alternate"></link>
    <category term="A" scheme="info:fedora/fedora-system:def/model#state"></category>
    <category term="M" scheme="info:fedora/fedora-system:def/model#controlGroup"></category>
    <category term="true" scheme="info:fedora/fedora-system:def/model#versionable"></category>
  </entry>
  <entry xmlns:thr="http://purl.org/syndication/thread/1.0">
    <id>info:fedora/alvin-place:22/SOURCE_XML/2017-08-17T06:55:58.770Z</id>
    <title type="text">SOURCE_XML.0</title>
    <updated>2017-08-17T06:55:58.770Z</updated>
    <thr:in-reply-to ref="info:fedora/alvin-place:22/SOURCE_XML"></thr:in-reply-to>
    <category term="Waller original XML" scheme="info:fedora/fedora-system:def/model#label"></category>
    <category term="122" scheme="info:fedora/fedora-system:def/model#length"></category>
    <summary type="text">SOURCE_XML.0</summary>
    <content type="text/xml" src="SOURCE_XML.0.xml"></content>
  </entry>
  <entry>
    <id>info:fedora/alvin-place:22/AUDIT</id>
    <title type="text">AUDIT</title>
    <updated>2014-12-18T20:20:39.732Z</updated>
    <category term="A" scheme="info:fedora/fedora-system:def/model#state"></category>
    <category term="X" scheme="info:fedora/fedora-system:def/model#controlGroup"></category>
    <category term="false" scheme="info:fedora/fedora-system:def/model#versionable"></category>
    <link href="info:fedora/alvin-place:22/AUDIT/2014-12-18T20:20:39.732Z" rel="alternate"></link>
  </entry>
  <entry xmlns:thr="http://purl.org/syndication/thread/1.0">
    <id>info:fedora/alvin-place:22/AUDIT/2014-12-18T20:20:39.732Z</id>
    <title type="text">AUDIT.0</title>
    <updated>2014-12-18T20:20:39.732Z</updated>
    <thr:in-reply-to ref="info:fedora/alvin-place:22/AUDIT"></thr:in-reply-to>
    <category term="info:fedora/fedora-system:format/xml.fedora.audit" scheme="info:fedora/fedora-system:def/model#formatURI"></category>
    <category term="Audit Trail for this object" scheme="info:fedora/fedora-system:def/model#label"></category>
    <summary type="text">AUDIT.0</summary>
    <content type="text/xml" src="AUDIT.0.xml"></content>
  </entry>
</feed>