<?xml version="1.0" encoding="UTF-8"?>
<feed xmlns="http://www.w3.org/2005/Atom">
  <id>info:fedora/alvin-place:22</id>
  <title type="text">Linköping</title>
  <updated>2018-01-23T14:38:18.965Z</updated>
  <author>
    <name>fedoraAdmin</name>
  </author>
  <category term="Active" scheme="info:fedora/fedora-system:def/model#state"></category>
  <category term="2014-12-18T20:20:39.732Z" scheme="info:fedora/fedora-system:def/model#createdDate"></category>
  <icon>http://www.fedora-commons.org/images/logo_vertical_transparent_200_251.png</icon>
  <entry>
    <id>info:fedora/alvin-place:22/DC</id>
    <title type="text">DC</title>
    <updated>2014-12-18T20:20:39.732Z</updated>
    <link href="info:fedora/alvin-place:22/DC/2014-12-18T20:20:39.732Z" rel="alternate"></link>
    <category term="A" scheme="info:fedora/fedora-system:def/model#state"></category>
    <category term="X" scheme="info:fedora/fedora-system:def/model#controlGroup"></category>
    <category term="true" scheme="info:fedora/fedora-system:def/model#versionable"></category>
  </entry>
  <entry xmlns:thr="http://purl.org/syndication/thread/1.0">
    <id>info:fedora/alvin-place:22/DC/2014-12-18T20:20:39.732Z</id>
    <title type="text">DC1.0</title>
    <updated>2014-12-18T20:20:39.732Z</updated>
    <thr:in-reply-to ref="info:fedora/alvin-place:22/DC"></thr:in-reply-to>
    <category term="http://www.openarchives.org/OAI/2.0/oai_dc/" scheme="info:fedora/fedora-system:def/model#formatURI"></category>
    <category term="Dublin Core Record for this object" scheme="info:fedora/fedora-system:def/model#label"></category>
    <category term="377" scheme="info:fedora/fedora-system:def/model#length"></category>
    <summary type="text">DC1.0</summary>
    <content type="text/xml" src="DC1.0.xml"></content>
  </entry>
  <entry>
    <id>info:fedora/alvin-place:22/RELS-EXT</id>
    <title type="text">RELS-EXT</title>
    <updated>2014-12-18T20:20:39.796Z</updated>
    <link href="info:fedora/alvin-place:22/RELS-EXT/2014-12-18T20:20:39.796Z" rel="alternate"></link>
    <category term="A" scheme="info:fedora/fedora-system:def/model#state"></category>
    <category term="X" scheme="info:fedora/fedora-system:def/model#controlGroup"></category>
    <category term="false" scheme="info:fedora/fedora-system:def/model#versionable"></category>
  </entry>
  <entry xmlns:thr="http://purl.org/syndication/thread/1.0">
    <id>info:fedora/alvin-place:22/RELS-EXT/2014-12-18T20:20:39.796Z</id>
    <title type="text">RELS-EXT.0</title>
    <updated>2014-12-18T20:20:39.796Z</updated>
    <thr:in-reply-to ref="info:fedora/alvin-place:22/RELS-EXT"></thr:in-reply-to>
    <category term="info:fedora/fedora-system:FedoraRELSExt-1.0" scheme="info:fedora/fedora-system:def/model#formatURI"></category>
    <category term="Relationships" scheme="info:fedora/fedora-system:def/model#label"></category>
    <category term="269" scheme="info:fedora/fedora-system:def/model#length"></category>
    <summary type="text">RELS-EXT.0</summary>
    <content type="application/rdf+xml" src="RELS-EXT.0.xml"></content>
  </entry>
  <entry>
    <id>info:fedora/alvin-place:22/METADATA</id>
    <title type="text">METADATA</title>
    <updated>2018-01-23T14:38:18.965Z</updated>
    <link href="info:fedora/alvin-place:22/METADATA/2018-01-23T14:38:18.965Z" rel="alternate"></link>
    <category term="A" scheme="info:fedora/fedora-system:def/model#state"></category>
    <category term="M" scheme="info:fedora/fedora-system:def/model#controlGroup"></category>
    <category term="true" scheme="info:fedora/fedora-system:def/model#versionable"></category>
  </entry>
  <entry xmlns:thr="http://purl.org/syndication/thread/1.0">
    <id>info:fedora/alvin-place:22/METADATA/2014-12-18T20:20:39.815Z</id>
    <title type="text">METADATA.0</title>
    <updated>2014-12-18T20:20:39.815Z</updated>
    <thr:in-reply-to ref="info:fedora/alvin-place:22/METADATA"></thr:in-reply-to>
    <category term="Linköping" scheme="info:fedora/fedora-system:def/model#label"></category>
    <category term="SHA-512" scheme="info:fedora/fedora-system:def/model#digestType"></category>
    <category term="a5b22f52787414c45db4eb5abd521d70222b979aa3f2bdb3b08dbc5fb44974427f0b00408e1eff953b5a3abd245bf58da5fe888aae611c81882742581c42c4b5" scheme="info:fedora/fedora-system:def/model#digest"></category>
    <category term="801" scheme="info:fedora/fedora-system:def/model#length"></category>
    <summary type="text">METADATA.0</summary>
    <content type="text/xml" src="METADATA.0.xml"></content>
  </entry>
  <entry xmlns:thr="http://purl.org/syndication/thread/1.0">
    <id>info:fedora/alvin-place:22/METADATA/2014-12-18T20:21:22.353Z</id>
    <title type="text">METADATA.1</title>
    <updated>2014-12-18T20:21:22.353Z</updated>
    <thr:in-reply-to ref="info:fedora/alvin-place:22/METADATA"></thr:in-reply-to>
    <category term="Linköping" scheme="info:fedora/fedora-system:def/model#label"></category>
    <category term="SHA-512" scheme="info:fedora/fedora-system:def/model#digestType"></category>
    <category term="4a7af4d4807876263a2903c9fe501888557b91970f31bb3f87e9a058e4ea482b46712f1462476701ce174fe91cbbe3348dee68a3934d18dac34ec2cf7769261d" scheme="info:fedora/fedora-system:def/model#digest"></category>
    <category term="1684" scheme="info:fedora/fedora-system:def/model#length"></category>
    <summary type="text">METADATA.1</summary>
    <content type="text/xml" src="METADATA.1.xml"></content>
  </entry>
  <entry xmlns:thr="http://purl.org/syndication/thread/1.0">
    <id>info:fedora/alvin-place:22/METADATA/2016-03-03T17:02:27.928Z</id>
    <title type="text">METADATA.2</title>
    <updated>2016-03-03T17:02:27.928Z</updated>
    <thr:in-reply-to ref="info:fedora/alvin-place:22/METADATA"></thr:in-reply-to>
    <category term="Linköping" scheme="info:fedora/fedora-system:def/model#label"></category>
    <category term="SHA-512" scheme="info:fedora/fedora-system:def/model#digestType"></category>
    <category term="d399950d7b530f29af247b8075054c2a44d94fcbfcde5131c261537885fcf3ffa58489d856ce52448939bca70e1f514b963323cf98a90be70bf3d4b0fe9fba4e" scheme="info:fedora/fedora-system:def/model#digest"></category>
    <category term="1692" scheme="info:fedora/fedora-system:def/model#length"></category>
    <summary type="text">METADATA.2</summary>
    <content type="text/xml" src="METADATA.2.xml"></content>
  </entry>
  <entry xmlns:thr="http://purl.org/syndication/thread/1.0">
    <id>info:fedora/alvin-place:22/METADATA/2017-08-17T06:57:08.437Z</id>
    <title type="text">METADATA.3</title>
    <updated>2017-08-17T06:57:08.437Z</updated>
    <thr:in-reply-to ref="info:fedora/alvin-place:22/METADATA"></thr:in-reply-to>
    <category term="Linköping" scheme="info:fedora/fedora-system:def/model#label"></category>
    <category term="SHA-512" scheme="info:fedora/fedora-system:def/model#digestType"></category>
    <category term="c68a879d54eb16a1e95712b26ecc3f4ae668f4c53a5123924ed64eebb97ca50e54f1b053b164209ca20c0c62d9bf9dbb242e8d48b5483ee9fa10dbaf48088ca4" scheme="info:fedora/fedora-system:def/model#digest"></category>
    <category term="2533" scheme="info:fedora/fedora-system:def/model#length"></category>
    <summary type="text">METADATA.3</summary>
    <content type="text/xml" src="METADATA.3.xml"></content>
  </entry>
  <entry xmlns:thr="http://purl.org/syndication/thread/1.0">
    <id>info:fedora/alvin-place:22/METADATA/2017-08-17T06:58:21.778Z</id>
    <title type="text">METADATA.4</title>
    <updated>2017-08-17T06:58:21.778Z</updated>
    <thr:in-reply-to ref="info:fedora/alvin-place:22/METADATA"></thr:in-reply-to>
    <category term="Linköping" scheme="info:fedora/fedora-system:def/model#label"></category>
    <category term="SHA-512" scheme="info:fedora/fedora-system:def/model#digestType"></category>
    <category term="94eca485619aaafe24565154a1be8bdd38ce91b0487542d6324fc33a99096168ab19e6293eda050b9affd1880c93b8618c7c6bcd911d54238081967eb302f759" scheme="info:fedora/fedora-system:def/model#digest"></category>
    <category term="2520" scheme="info:fedora/fedora-system:def/model#length"></category>
    <summary type="text">METADATA.4</summary>
    <content type="text/xml" src="METADATA.4.xml"></content>
  </entry>
  <entry xmlns:thr="http://purl.org/syndication/thread/1.0">
    <id>info:fedora/alvin-place:22/METADATA/2018-01-23T14:38:18.965Z</id>
    <title type="text">METADATA.5</title>
    <updated>2018-01-23T14:38:18.965Z</updated>
    <thr:in-reply-to ref="info:fedora/alvin-place:22/METADATA"></thr:in-reply-to>
    <category term="Linköping" scheme="info:fedora/fedora-system:def/model#label"></category>
    <category term="SHA-512" scheme="info:fedora/fedora-system:def/model#digestType"></category>
    <category term="04a07f9bc7ed8aa6571646a4717721b183a8255613f756416fba81d0811e38ff1468278827f7e25a2ba25fd801919f6f47312829a8b4ec5b9ce0df602599ebb2" scheme="info:fedora/fedora-system:def/model#digest"></category>
    <category term="2502" scheme="info:fedora/fedora-system:def/model#length"></category>
    <summary type="text">METADATA.5</summary>
    <content type="text/xml" src="METADATA.5.xml"></content>
  </entry>
  <entry>
    <id>info:fedora/alvin-place:22/SOURCE_XML</id>
    <title type="text">SOURCE_XML</title>
    <updated>2017-08-17T06:55:58.770Z</updated>
    <link href="info:fedora/alvin-place:22/SOURCE_XML/2017-08-17T06:55:58.770Z" rel="alternate"></link>
    <category term="A" scheme="info:fedora/fedora-system:def/model#state"></category>
    <category term="M" scheme="info:fedora/fedora-system:def/model#controlGroup"></category>
    <category term="true" scheme="info:fedora/fedora-system:def/model#versionable"></category>
  </entry>
  <entry xmlns:thr="http://purl.org/syndication/thread/1.0">
    <id>info:fedora/alvin-place:22/SOURCE_XML/2017-08-17T06:55:58.770Z</id>
    <title type="text">SOURCE_XML.0</title>
    <updated>2017-08-17T06:55:58.770Z</updated>
    <thr:in-reply-to ref="info:fedora/alvin-place:22/SOURCE_XML"></thr:in-reply-to>
    <category term="Waller original XML" scheme="info:fedora/fedora-system:def/model#label"></category>
    <category term="122" scheme="info:fedora/fedora-system:def/model#length"></category>
    <summary type="text">SOURCE_XML.0</summary>
    <content type="text/xml" src="SOURCE_XML.0.xml"></content>
  </entry>
  <entry>
    <id>info:fedora/alvin-place:22/AUDIT</id>
    <title type="text">AUDIT</title>
    <updated>2014-12-18T20:20:39.732Z</updated>
    <category term="A" scheme="info:fedora/fedora-system:def/model#state"></category>
    <category term="X" scheme="info:fedora/fedora-system:def/model#controlGroup"></category>
    <category term="false" scheme="info:fedora/fedora-system:def/model#versionable"></category>
    <link href="info:fedora/alvin-place:22/AUDIT/2014-12-18T20:20:39.732Z" rel="alternate"></link>
  </entry>
  <entry xmlns:thr="http://purl.org/syndication/thread/1.0">
    <id>info:fedora/alvin-place:22/AUDIT/2014-12-18T20:20:39.732Z</id>
    <title type="text">AUDIT.0</title>
    <updated>2014-12-18T20:20:39.732Z</updated>
    <thr:in-reply-to ref="info:fedora/alvin-place:22/AUDIT"></thr:in-reply-to>
    <category term="info:fedora/fedora-system:format/xml.fedora.audit" scheme="info:fedora/fedora-system:def/model#formatURI"></category>
    <category term="Audit Trail for this object" scheme="info:fedora/fedora-system:def/model#label"></category>
    <summary type="text">AUDIT.0</summary>
    <content type="text/xml" src="AUDIT.0.xml"></content>
  </entry>
</feed>