<place id="1">
  <pid>alvin-place:22</pid>
  <dsId>METADATA</dsId>
  <recordInfo id="2">
    <externalDs>false</externalDs>
    <lastAction>UPDATED</lastAction>
    <created id="3">
      <date id="4">2014-12-18 20:20:38.346 UTC</date>
      <dateInStorage id="5">2014-12-18 20:20:39.815 UTC</dateInStorage>
      <user class="seamUser" id="6">
        <lastUpdated class="sql-timestamp" id="7">2014-04-17 08:12:52.806</lastUpdated>
        <id>1</id>
        <userId>stand516</userId>
        <domain>uu</domain>
        <firstName>Stefan</firstName>
        <lastName>Andersson</lastName>
        <email>Stefan.Andersson@ub.uu.se</email>
      </user>
      <note>Place created through web gui</note>
      <type>CREATED</type>
    </created>
    <updated id="8">
      <userAction reference="3"/>
      <userAction id="9">
        <date id="10">2014-12-18 20:21:20.880 UTC</date>
        <user class="seamUser" id="11">
          <lastUpdated class="sql-timestamp" id="12">2014-04-17 08:12:52.806</lastUpdated>
          <id>1</id>
          <userId>stand516</userId>
          <domain>uu</domain>
          <firstName>Stefan</firstName>
          <lastName>Andersson</lastName>
          <email>Stefan.Andersson@ub.uu.se</email>
        </user>
        <note>Place updated through web gui</note>
        <type>UPDATED</type>
      </userAction>
    </updated>
  </recordInfo>
  <country class="country">
    <lastUpdated class="sql-timestamp" id="14">2014-04-17 08:12:48.8</lastUpdated>
    <defaultName>Sverige</defaultName>
    <localisedNames id="15">
      <entry>
        <string>en</string>
        <string>Sweden</string>
      </entry>
    </localisedNames>
    <alpha2Code>SE</alpha2Code>
    <alpha3Code>SWE</alpha3Code>
    <numericalCode>752</numericalCode>
    <marcCode>sw</marcCode>
  </country>
  <regions id="16"/>
  <defaultPlaceName id="17">
    <deleted>false</deleted>
    <name>Linköping</name>
  </defaultPlaceName>
  <placeNameForms id="18"/>
  <identifiers />
  <localIdentifiers id="19">
    <localIdentifier>
      <type class="localIdentifierType">
        <lastUpdated class="sql-timestamp">2014-04-17 08:49:50.65</lastUpdated>
        <defaultName>Waller-id</defaultName>
        <localisedNames/>
        <code>waller</code>
        <id>114</id>
        <internal>false</internal>
        <organisationUnitId>2</organisationUnitId>
      </type>
      <text>1367</text>
    </localIdentifier>
  </localIdentifiers>
  <longitude>15.62</longitude>
  <latitude>58.42</latitude>
</place>
