<place id="1"><pid>alvin-place:22</pid><dsId>METADATA</dsId><recordInfo id="2"><externalDs>false</externalDs><lastAction>CREATED</lastAction><created id="3"><date id="4">2014-12-18 20:20:38.346 UTC</date><user class="seamUser" id="5"><lastUpdated class="sql-timestamp" id="6">2014-04-17 08:12:52.806</lastUpdated><id>1</id><userId>stand516</userId><domain>uu</domain><firstName>Stefan</firstName><lastName>Andersson</lastName><email>Stefan.Andersson@ub.uu.se</email></user><note>Place created through web gui</note><type>CREATED</type></created><updated id="7"><userAction reference="3"/></updated></recordInfo><regions id="8"/><defaultPlaceName id="9"><deleted>false</deleted><name>Linköping</name></defaultPlaceName><placeNameForms id="10"/><identifiers id="11"/><localIdentifiers id="12"/></place>