<?xml version="1.0" encoding="UTF-8"?>
<feed xmlns="http://www.w3.org/2005/Atom">
  <id>info:fedora/alvin-place:692</id>
  <title type="text">Stockholm</title>
  <updated>2018-02-13T09:15:15.572Z</updated>
  <author>
    <name>fedoraAdmin</name>
  </author>
  <category term="Active" scheme="info:fedora/fedora-system:def/model#state"></category>
  <category term="2015-02-12T07:08:20.318Z" scheme="info:fedora/fedora-system:def/model#createdDate"></category>
  <icon>http://www.fedora-commons.org/images/logo_vertical_transparent_200_251.png</icon>
  <entry>
    <id>info:fedora/alvin-place:692/DC</id>
    <title type="text">DC</title>
    <updated>2015-02-12T07:08:20.318Z</updated>
    <link href="info:fedora/alvin-place:692/DC/2015-02-12T07:08:20.318Z" rel="alternate"></link>
    <category term="A" scheme="info:fedora/fedora-system:def/model#state"></category>
    <category term="X" scheme="info:fedora/fedora-system:def/model#controlGroup"></category>
    <category term="true" scheme="info:fedora/fedora-system:def/model#versionable"></category>
  </entry>
  <entry xmlns:thr="http://purl.org/syndication/thread/1.0">
    <id>info:fedora/alvin-place:692/DC/2015-02-12T07:08:20.318Z</id>
    <title type="text">DC1.0</title>
    <updated>2015-02-12T07:08:20.318Z</updated>
    <thr:in-reply-to ref="info:fedora/alvin-place:692/DC"></thr:in-reply-to>
    <category term="http://www.openarchives.org/OAI/2.0/oai_dc/" scheme="info:fedora/fedora-system:def/model#formatURI"></category>
    <category term="Dublin Core Record for this object" scheme="info:fedora/fedora-system:def/model#label"></category>
    <category term="377" scheme="info:fedora/fedora-system:def/model#length"></category>
    <summary type="text">DC1.0</summary>
    <content type="text/xml" src="DC1.0.xml"></content>
  </entry>
  <entry>
    <id>info:fedora/alvin-place:692/RELS-EXT</id>
    <title type="text">RELS-EXT</title>
    <updated>2015-02-12T07:08:20.355Z</updated>
    <link href="info:fedora/alvin-place:692/RELS-EXT/2015-02-12T07:08:20.355Z" rel="alternate"></link>
    <category term="A" scheme="info:fedora/fedora-system:def/model#state"></category>
    <category term="X" scheme="info:fedora/fedora-system:def/model#controlGroup"></category>
    <category term="false" scheme="info:fedora/fedora-system:def/model#versionable"></category>
  </entry>
  <entry xmlns:thr="http://purl.org/syndication/thread/1.0">
    <id>info:fedora/alvin-place:692/RELS-EXT/2015-02-12T07:08:20.355Z</id>
    <title type="text">RELS-EXT.0</title>
    <updated>2015-02-12T07:08:20.355Z</updated>
    <thr:in-reply-to ref="info:fedora/alvin-place:692/RELS-EXT"></thr:in-reply-to>
    <category term="info:fedora/fedora-system:FedoraRELSExt-1.0" scheme="info:fedora/fedora-system:def/model#formatURI"></category>
    <category term="Relationships" scheme="info:fedora/fedora-system:def/model#label"></category>
    <category term="270" scheme="info:fedora/fedora-system:def/model#length"></category>
    <summary type="text">RELS-EXT.0</summary>
    <content type="application/rdf+xml" src="RELS-EXT.0.xml"></content>
  </entry>
  <entry>
    <id>info:fedora/alvin-place:692/METADATA</id>
    <title type="text">METADATA</title>
    <updated>2018-02-13T09:15:09.733Z</updated>
    <link href="info:fedora/alvin-place:692/METADATA/2018-02-13T09:15:09.733Z" rel="alternate"></link>
    <category term="A" scheme="info:fedora/fedora-system:def/model#state"></category>
    <category term="M" scheme="info:fedora/fedora-system:def/model#controlGroup"></category>
    <category term="true" scheme="info:fedora/fedora-system:def/model#versionable"></category>
  </entry>
  <entry xmlns:thr="http://purl.org/syndication/thread/1.0">
    <id>info:fedora/alvin-place:692/METADATA/2018-02-13T09:15:09.733Z</id>
    <title type="text">METADATA.6</title>
    <updated>2018-02-13T09:15:09.733Z</updated>
    <thr:in-reply-to ref="info:fedora/alvin-place:692/METADATA"></thr:in-reply-to>
    <category term="Stockholm" scheme="info:fedora/fedora-system:def/model#label"></category>
    <category term="SHA-512" scheme="info:fedora/fedora-system:def/model#digestType"></category>
    <category term="84bd4b93503c2cf2ff1874fe7544166ce8fba878e6eba06168ee95bde1aecfa8e96dc134edf3952e67ea1974122427adeed58c5a9413dbc1a25895a73855b25e" scheme="info:fedora/fedora-system:def/model#digest"></category>
    <category term="4417" scheme="info:fedora/fedora-system:def/model#length"></category>
    <summary type="text">METADATA.6</summary>
    <content type="text/xml" src="METADATA.6.xml"></content>
  </entry>
  <entry>
    <id>info:fedora/alvin-place:692/SOURCE_XML</id>
    <title type="text">SOURCE_XML</title>
    <updated>2015-02-12T07:08:20.396Z</updated>
    <link href="info:fedora/alvin-place:692/SOURCE_XML/2015-02-12T07:08:20.396Z" rel="alternate"></link>
    <category term="A" scheme="info:fedora/fedora-system:def/model#state"></category>
    <category term="M" scheme="info:fedora/fedora-system:def/model#controlGroup"></category>
    <category term="true" scheme="info:fedora/fedora-system:def/model#versionable"></category>
  </entry>
  <entry xmlns:thr="http://purl.org/syndication/thread/1.0">
    <id>info:fedora/alvin-place:692/SOURCE_XML/2015-02-12T07:08:20.396Z</id>
    <title type="text">SOURCE_XML.0</title>
    <updated>2015-02-12T07:08:20.396Z</updated>
    <thr:in-reply-to ref="info:fedora/alvin-place:692/SOURCE_XML"></thr:in-reply-to>
    <category term="Waller original XML" scheme="info:fedora/fedora-system:def/model#label"></category>
    <category term="SHA-512" scheme="info:fedora/fedora-system:def/model#digestType"></category>
    <category term="e6cd1b60b910ae14b8c2989f86d5a0dbd96def1554703af03ed7763a91398f22c459cb442be88ddd1178a1d310fe747fb51a581c875b6a01909aba55d8389647" scheme="info:fedora/fedora-system:def/model#digest"></category>
    <category term="120" scheme="info:fedora/fedora-system:def/model#length"></category>
    <summary type="text">SOURCE_XML.0</summary>
    <content type="text/xml" src="SOURCE_XML.0.xml"></content>
  </entry>
  <entry>
    <id>info:fedora/alvin-place:692/AUDIT</id>
    <title type="text">AUDIT</title>
    <updated>2015-02-12T07:08:20.318Z</updated>
    <category term="A" scheme="info:fedora/fedora-system:def/model#state"></category>
    <category term="X" scheme="info:fedora/fedora-system:def/model#controlGroup"></category>
    <category term="false" scheme="info:fedora/fedora-system:def/model#versionable"></category>
    <link href="info:fedora/alvin-place:692/AUDIT/2015-02-12T07:08:20.318Z" rel="alternate"></link>
  </entry>
  <entry xmlns:thr="http://purl.org/syndication/thread/1.0">
    <id>info:fedora/alvin-place:692/AUDIT/2015-02-12T07:08:20.318Z</id>
    <title type="text">AUDIT.0</title>
    <updated>2015-02-12T07:08:20.318Z</updated>
    <thr:in-reply-to ref="info:fedora/alvin-place:692/AUDIT"></thr:in-reply-to>
    <category term="info:fedora/fedora-system:format/xml.fedora.audit" scheme="info:fedora/fedora-system:def/model#formatURI"></category>
    <category term="Audit Trail for this object" scheme="info:fedora/fedora-system:def/model#label"></category>
    <summary type="text">AUDIT.0</summary>
    <content type="text/xml" src="AUDIT.0.xml"></content>
  </entry>
</feed>