<?xml version="1.0" encoding="UTF-8"?>
<feed xmlns="http://www.w3.org/2005/Atom">
  <id>info:fedora/alvin-place:692</id>
  <title type="text">Stockholm</title>
  <updated>2018-01-23T14:48:13.889Z</updated>
  <author>
    <name>fedoraAdmin</name>
  </author>
  <category term="Active" scheme="info:fedora/fedora-system:def/model#state"></category>
  <category term="2015-02-12T07:08:20.318Z" scheme="info:fedora/fedora-system:def/model#createdDate"></category>
  <icon>http://www.fedora-commons.org/images/logo_vertical_transparent_200_251.png</icon>
  <entry>
    <id>info:fedora/alvin-place:692/DC</id>
    <title type="text">DC</title>
    <updated>2015-02-12T07:08:20.318Z</updated>
    <link href="info:fedora/alvin-place:692/DC/2015-02-12T07:08:20.318Z" rel="alternate"></link>
    <category term="A" scheme="info:fedora/fedora-system:def/model#state"></category>
    <category term="X" scheme="info:fedora/fedora-system:def/model#controlGroup"></category>
    <category term="true" scheme="info:fedora/fedora-system:def/model#versionable"></category>
  </entry>
  <entry xmlns:thr="http://purl.org/syndication/thread/1.0">
    <id>info:fedora/alvin-place:692/DC/2015-02-12T07:08:20.318Z</id>
    <title type="text">DC1.0</title>
    <updated>2015-02-12T07:08:20.318Z</updated>
    <thr:in-reply-to ref="info:fedora/alvin-place:692/DC"></thr:in-reply-to>
    <category term="http://www.openarchives.org/OAI/2.0/oai_dc/" scheme="info:fedora/fedora-system:def/model#formatURI"></category>
    <category term="Dublin Core Record for this object" scheme="info:fedora/fedora-system:def/model#label"></category>
    <category term="377" scheme="info:fedora/fedora-system:def/model#length"></category>
    <summary type="text">DC1.0</summary>
    <content type="text/xml" src="DC1.0.xml"></content>
  </entry>
  <entry>
    <id>info:fedora/alvin-place:692/RELS-EXT</id>
    <title type="text">RELS-EXT</title>
    <updated>2015-02-12T07:08:20.355Z</updated>
    <link href="info:fedora/alvin-place:692/RELS-EXT/2015-02-12T07:08:20.355Z" rel="alternate"></link>
    <category term="A" scheme="info:fedora/fedora-system:def/model#state"></category>
    <category term="X" scheme="info:fedora/fedora-system:def/model#controlGroup"></category>
    <category term="false" scheme="info:fedora/fedora-system:def/model#versionable"></category>
  </entry>
  <entry xmlns:thr="http://purl.org/syndication/thread/1.0">
    <id>info:fedora/alvin-place:692/RELS-EXT/2015-02-12T07:08:20.355Z</id>
    <title type="text">RELS-EXT.0</title>
    <updated>2015-02-12T07:08:20.355Z</updated>
    <thr:in-reply-to ref="info:fedora/alvin-place:692/RELS-EXT"></thr:in-reply-to>
    <category term="info:fedora/fedora-system:FedoraRELSExt-1.0" scheme="info:fedora/fedora-system:def/model#formatURI"></category>
    <category term="Relationships" scheme="info:fedora/fedora-system:def/model#label"></category>
    <category term="270" scheme="info:fedora/fedora-system:def/model#length"></category>
    <summary type="text">RELS-EXT.0</summary>
    <content type="application/rdf+xml" src="RELS-EXT.0.xml"></content>
  </entry>
  <entry>
    <id>info:fedora/alvin-place:692/METADATA</id>
    <title type="text">METADATA</title>
    <updated>2018-01-23T14:48:13.889Z</updated>
    <link href="info:fedora/alvin-place:692/METADATA/2018-01-23T14:48:13.889Z" rel="alternate"></link>
    <category term="A" scheme="info:fedora/fedora-system:def/model#state"></category>
    <category term="M" scheme="info:fedora/fedora-system:def/model#controlGroup"></category>
    <category term="true" scheme="info:fedora/fedora-system:def/model#versionable"></category>
  </entry>
  <entry xmlns:thr="http://purl.org/syndication/thread/1.0">
    <id>info:fedora/alvin-place:692/METADATA/2015-02-12T07:08:20.373Z</id>
    <title type="text">METADATA.0</title>
    <updated>2015-02-12T07:08:20.373Z</updated>
    <thr:in-reply-to ref="info:fedora/alvin-place:692/METADATA"></thr:in-reply-to>
    <category term="Stockholm" scheme="info:fedora/fedora-system:def/model#label"></category>
    <category term="SHA-512" scheme="info:fedora/fedora-system:def/model#digestType"></category>
    <category term="e083ccf894f2824f9f031f7c48fa79ed8bcf05df34d692050a75d7a6d2e2c2ac5198ed59b98143926b438bdf87b5b81d6ab643134d0b4b265bb6e47f22375c10" scheme="info:fedora/fedora-system:def/model#digest"></category>
    <category term="1129" scheme="info:fedora/fedora-system:def/model#length"></category>
    <summary type="text">METADATA.0</summary>
    <content type="text/xml" src="METADATA.0.xml"></content>
  </entry>
  <entry xmlns:thr="http://purl.org/syndication/thread/1.0">
    <id>info:fedora/alvin-place:692/METADATA/2015-08-31T06:44:24.733Z</id>
    <title type="text">METADATA.1</title>
    <updated>2015-08-31T06:44:24.733Z</updated>
    <thr:in-reply-to ref="info:fedora/alvin-place:692/METADATA"></thr:in-reply-to>
    <category term="Stockholm" scheme="info:fedora/fedora-system:def/model#label"></category>
    <category term="SHA-512" scheme="info:fedora/fedora-system:def/model#digestType"></category>
    <category term="068a669467ef19097a738e120fbc6a4a7fd335c8d6114af766ddbe4d9af2dff36bb066152fa650086d3e5b46994b571a7b4a1917dd6a7af5e2981190cc3b4c0a" scheme="info:fedora/fedora-system:def/model#digest"></category>
    <category term="2486" scheme="info:fedora/fedora-system:def/model#length"></category>
    <summary type="text">METADATA.1</summary>
    <content type="text/xml" src="METADATA.1.xml"></content>
  </entry>
  <entry xmlns:thr="http://purl.org/syndication/thread/1.0">
    <id>info:fedora/alvin-place:692/METADATA/2016-03-03T17:03:12.900Z</id>
    <title type="text">METADATA.2</title>
    <updated>2016-03-03T17:03:12.900Z</updated>
    <thr:in-reply-to ref="info:fedora/alvin-place:692/METADATA"></thr:in-reply-to>
    <category term="Stockholm" scheme="info:fedora/fedora-system:def/model#label"></category>
    <category term="SHA-512" scheme="info:fedora/fedora-system:def/model#digestType"></category>
    <category term="85179668ab80b278312aef8e171de94aa1c0a780ba6ac03ee6537bd4a36c429afb035b1c4375b763ae467999928058d7c6833c59dfb581a9798e3ea12d5b3a52" scheme="info:fedora/fedora-system:def/model#digest"></category>
    <category term="2494" scheme="info:fedora/fedora-system:def/model#length"></category>
    <summary type="text">METADATA.2</summary>
    <content type="text/xml" src="METADATA.2.xml"></content>
  </entry>
  <entry xmlns:thr="http://purl.org/syndication/thread/1.0">
    <id>info:fedora/alvin-place:692/METADATA/2016-06-22T05:56:14.561Z</id>
    <title type="text">METADATA.3</title>
    <updated>2016-06-22T05:56:14.561Z</updated>
    <thr:in-reply-to ref="info:fedora/alvin-place:692/METADATA"></thr:in-reply-to>
    <category term="Stockholm -" scheme="info:fedora/fedora-system:def/model#label"></category>
    <category term="SHA-512" scheme="info:fedora/fedora-system:def/model#digestType"></category>
    <category term="49f28c55ba90854d0fdb3c3947f7890a1f8979c2dbd7958fabda1fd5a3bcc9eef289066cfdcd45b17824f85433661f81d23104f828753163c220ae83420bc4db" scheme="info:fedora/fedora-system:def/model#digest"></category>
    <category term="2978" scheme="info:fedora/fedora-system:def/model#length"></category>
    <summary type="text">METADATA.3</summary>
    <content type="text/xml" src="METADATA.3.xml"></content>
  </entry>
  <entry xmlns:thr="http://purl.org/syndication/thread/1.0">
    <id>info:fedora/alvin-place:692/METADATA/2016-08-25T07:14:29.034Z</id>
    <title type="text">METADATA.4</title>
    <updated>2016-08-25T07:14:29.034Z</updated>
    <thr:in-reply-to ref="info:fedora/alvin-place:692/METADATA"></thr:in-reply-to>
    <category term="Stockholm" scheme="info:fedora/fedora-system:def/model#label"></category>
    <category term="SHA-512" scheme="info:fedora/fedora-system:def/model#digestType"></category>
    <category term="f2a04a505b099b231d00de4d1caf56312ebabf8fb9997e0467f25fc7eac759962983413583f10664ec443d3670bc2a79783ea3223b4d74f5714c007d53d6da5e" scheme="info:fedora/fedora-system:def/model#digest"></category>
    <category term="3427" scheme="info:fedora/fedora-system:def/model#length"></category>
    <summary type="text">METADATA.4</summary>
    <content type="text/xml" src="METADATA.4.xml"></content>
  </entry>
  <entry xmlns:thr="http://purl.org/syndication/thread/1.0">
    <id>info:fedora/alvin-place:692/METADATA/2018-01-23T14:48:13.889Z</id>
    <title type="text">METADATA.5</title>
    <updated>2018-01-23T14:48:13.889Z</updated>
    <thr:in-reply-to ref="info:fedora/alvin-place:692/METADATA"></thr:in-reply-to>
    <category term="Stockholm" scheme="info:fedora/fedora-system:def/model#label"></category>
    <category term="SHA-512" scheme="info:fedora/fedora-system:def/model#digestType"></category>
    <category term="43127ca72a6de8af68c4d927a886be3c2f1ad36ea62bc0043c26abfa0f659f070f28dbbb17ba14694aa6452ec76f07c5a1265731067182c294f778e313d7db96" scheme="info:fedora/fedora-system:def/model#digest"></category>
    <category term="4406" scheme="info:fedora/fedora-system:def/model#length"></category>
    <summary type="text">METADATA.5</summary>
    <content type="text/xml" src="METADATA.5.xml"></content>
  </entry>
  <entry>
    <id>info:fedora/alvin-place:692/SOURCE_XML</id>
    <title type="text">SOURCE_XML</title>
    <updated>2015-02-12T07:08:20.396Z</updated>
    <link href="info:fedora/alvin-place:692/SOURCE_XML/2015-02-12T07:08:20.396Z" rel="alternate"></link>
    <category term="A" scheme="info:fedora/fedora-system:def/model#state"></category>
    <category term="M" scheme="info:fedora/fedora-system:def/model#controlGroup"></category>
    <category term="true" scheme="info:fedora/fedora-system:def/model#versionable"></category>
  </entry>
  <entry xmlns:thr="http://purl.org/syndication/thread/1.0">
    <id>info:fedora/alvin-place:692/SOURCE_XML/2015-02-12T07:08:20.396Z</id>
    <title type="text">SOURCE_XML.0</title>
    <updated>2015-02-12T07:08:20.396Z</updated>
    <thr:in-reply-to ref="info:fedora/alvin-place:692/SOURCE_XML"></thr:in-reply-to>
    <category term="Waller original XML" scheme="info:fedora/fedora-system:def/model#label"></category>
    <category term="SHA-512" scheme="info:fedora/fedora-system:def/model#digestType"></category>
    <category term="e6cd1b60b910ae14b8c2989f86d5a0dbd96def1554703af03ed7763a91398f22c459cb442be88ddd1178a1d310fe747fb51a581c875b6a01909aba55d8389647" scheme="info:fedora/fedora-system:def/model#digest"></category>
    <category term="120" scheme="info:fedora/fedora-system:def/model#length"></category>
    <summary type="text">SOURCE_XML.0</summary>
    <content type="text/xml" src="SOURCE_XML.0.xml"></content>
  </entry>
  <entry>
    <id>info:fedora/alvin-place:692/AUDIT</id>
    <title type="text">AUDIT</title>
    <updated>2015-02-12T07:08:20.318Z</updated>
    <category term="A" scheme="info:fedora/fedora-system:def/model#state"></category>
    <category term="X" scheme="info:fedora/fedora-system:def/model#controlGroup"></category>
    <category term="false" scheme="info:fedora/fedora-system:def/model#versionable"></category>
    <link href="info:fedora/alvin-place:692/AUDIT/2015-02-12T07:08:20.318Z" rel="alternate"></link>
  </entry>
  <entry xmlns:thr="http://purl.org/syndication/thread/1.0">
    <id>info:fedora/alvin-place:692/AUDIT/2015-02-12T07:08:20.318Z</id>
    <title type="text">AUDIT.0</title>
    <updated>2015-02-12T07:08:20.318Z</updated>
    <thr:in-reply-to ref="info:fedora/alvin-place:692/AUDIT"></thr:in-reply-to>
    <category term="info:fedora/fedora-system:format/xml.fedora.audit" scheme="info:fedora/fedora-system:def/model#formatURI"></category>
    <category term="Audit Trail for this object" scheme="info:fedora/fedora-system:def/model#label"></category>
    <summary type="text">AUDIT.0</summary>
    <content type="text/xml" src="AUDIT.0.xml"></content>
  </entry>
</feed>