<place id="1"><pid>alvin-place:692</pid><dsId>METADATA</dsId><recordInfo id="2"><externalDs>false</externalDs><lastAction>UPDATED</lastAction><created id="3"><date id="4">2015-02-12 07:08:12.714 UTC</date><dateInStorage id="5">2015-02-12 07:08:20.373 UTC</dateInStorage><user class="epc.commons.core.authentication.SystemUser" id="6"><userId>SYSTEM</userId><domain>SYSTEM</domain><firstName>System</firstName><lastName>System</lastName><email>noreply@alvin-portal.org</email><name>The System User</name></user><note>Imported from Waller</note><type>IMPORTED</type></created><updated id="7"><userAction reference="3"/><userAction id="8"><date id="9">2015-08-31 06:44:23.422 UTC</date><user class="seamUser" id="10"><lastUpdated class="sql-timestamp" id="11">2014-04-17 08:12:52.806</lastUpdated><id>1</id><userId>stand516</userId><domain>uu</domain><firstName>Stefan</firstName><lastName>Andersson</lastName><email>Stefan.Andersson@ub.uu.se</email></user><note>Place updated through web gui</note><type>UPDATED</type></userAction></updated></recordInfo><country id="12"><lastUpdated class="sql-timestamp" id="13">2014-04-17 08:12:48.8</lastUpdated><defaultName>Sverige</defaultName><localisedNames id="14"><entry><string>en</string><string>Sweden</string></entry></localisedNames><alpha2Code>SE</alpha2Code><alpha3Code>SWE</alpha3Code><numericalCode>752</numericalCode><marcCode>sw</marcCode></country><regions id="15"/><defaultPlaceName id="16"><deleted>false</deleted><name>Stockholm</name></defaultPlaceName><placeNameForms id="17"><entry><string>alvin-place:692:0</string><placeNameForm id="18"><id>alvin-place:692:0</id><deleted>false</deleted><name>Holmiæ</name><language id="19"><lastUpdated class="sql-timestamp" id="20">2014-04-17 08:12:51.134</lastUpdated><defaultName>Latin</defaultName><localisedNames id="21"><entry><string>en</string><string>Latin</string></entry></localisedNames><alpha3Code>lat</alpha3Code><alpha2Code>la</alpha2Code></language></placeNameForm></entry></placeNameForms><identifiers id="22"/><localIdentifiers id="23"><localIdentifier id="24"><type class="localIdentifierType" id="25"><lastUpdated class="sql-timestamp" id="26">2014-04-17 08:49:50.65</lastUpdated><defaultName>Waller-id</defaultName><localisedNames id="27"/><code>waller</code><id>114</id><internal>false</internal><organisationUnitId>2</organisationUnitId></type><text>566</text></localIdentifier></localIdentifiers><longitude>18.068611</longitude><latitude>59.329444</latitude></place>