<place id="1">
  <pid>alvin-place:692</pid>
  <dsId>METADATA</dsId>
  <recordInfo id="2">
    <externalDs>false</externalDs>
    <lastAction>UPDATED</lastAction>
    <created id="3">
      <date id="4">2015-02-12 07:08:12.714 UTC</date>
      <dateInStorage id="5">2015-02-12 07:08:20.373 UTC</dateInStorage>
      <user class="epc.commons.core.authentication.SystemUser" id="6">
        <userId>SYSTEM</userId>
        <domain>SYSTEM</domain>
        <firstName>System</firstName>
        <lastName>System</lastName>
        <email>noreply@alvin-portal.org</email>
        <name>The System User</name>
      </user>
      <note>Imported from Waller</note>
      <type>IMPORTED</type>
    </created>
    <updated id="7">
      <userAction reference="3"/>
      <userAction id="8">
        <date id="9">2015-08-31 06:44:23.422 UTC</date>
        <dateInStorage id="10">2016-03-03 17:03:12.900 UTC</dateInStorage>
        <user class="seamUser" id="11">
          <lastUpdated class="sql-timestamp" id="12">2014-04-17 08:12:52.806</lastUpdated>
          <id>1</id>
        <userId>test</userId>
        <domain>uu</domain>
        <firstName>Test</firstName>
        <lastName>Testsson</lastName>
        <email>test.testsson@ub.uu.se</email>
        </user>
        <note>Place updated through web gui</note>
        <type>UPDATED</type>
      </userAction>
      <userAction id="13">
        <date id="14">2016-06-22 05:56:13.474 UTC</date>
        <dateInStorage id="15">2016-06-22 05:56:14.561 UTC</dateInStorage>
        <user class="seamUser" id="16">
          <lastUpdated class="sql-timestamp" id="17">2014-04-17 08:12:52.853</lastUpdated>
          <id>51</id>
        <userId>test</userId>
        <domain>uu</domain>
        <firstName>Test</firstName>
        <lastName>Testsson</lastName>
        <email>test.testsson@ub.uu.se</email>
        </user>
        <note>Place updated through web gui</note>
        <type>UPDATED</type>
      </userAction>
      <userAction id="18">
        <date id="19">2016-08-25 07:14:29.30 UTC</date>
        <user class="seamUser" id="20">
          <lastUpdated class="sql-timestamp" id="21">2014-04-17 08:12:52.853</lastUpdated>
          <id>51</id>
        <userId>test</userId>
        <domain>uu</domain>
        <firstName>Test</firstName>
        <lastName>Testsson</lastName>
        <email>test.testsson@ub.uu.se</email>
        </user>
        <note>Place updated through web gui</note>
        <type>UPDATED</type>
      </userAction>
    </updated>
  </recordInfo>
  <country class="country" id="22">
    <lastUpdated class="sql-timestamp" id="23">2014-04-17 08:12:48.8</lastUpdated>
    <defaultName>Sverige</defaultName>
    <localisedNames id="24">
      <entry>
        <string>en</string>
        <string>Sweden</string>
      </entry>
    </localisedNames>
    <alpha2Code>SE</alpha2Code>
    <alpha3Code>SWE</alpha3Code>
    <numericalCode>752</numericalCode>
    <marcCode>sw</marcCode>
  </country>
  <regions id="25"/>
  <defaultPlaceName id="26">
    <deleted>false</deleted>
    <name>Stockholm</name>
  </defaultPlaceName>
  <placeNameForms id="27">
    <entry>
      <string>alvin-place:692:0</string>
      <placeNameForm id="28">
        <id>alvin-place:692:0</id>
        <deleted>false</deleted>
        <name>Holmiæ</name>
        <language id="29">
          <lastUpdated class="sql-timestamp" id="30">2014-04-17 08:12:51.134</lastUpdated>
          <defaultName>Latin</defaultName>
          <localisedNames id="31">
            <entry>
              <string>en</string>
              <string>Latin</string>
            </entry>
          </localisedNames>
          <alpha3Code>lat</alpha3Code>
          <alpha2Code>la</alpha2Code>
        </language>
      </placeNameForm>
    </entry>
  </placeNameForms>
  <identifiers id="32"/>
  <localIdentifiers id="33">
    <localIdentifier id="34">
      <type class="localIdentifierType" id="35">
        <lastUpdated class="sql-timestamp" id="36">2014-04-17 08:49:50.65</lastUpdated>
        <defaultName>Waller-id</defaultName>
        <localisedNames id="37"/>
        <code>waller</code>
        <id>114</id>
        <internal>false</internal>
        <organisationUnitId>2</organisationUnitId>
        <unique>false</unique>
      </type>
      <text>566</text>
    </localIdentifier>
  </localIdentifiers>
  <longitude>18.068611</longitude>
  <latitude>59.329444</latitude>
</place>
