<place id="1"><pid>alvin-place:692</pid><dsId>METADATA</dsId><recordInfo id="2"><externalDs>false</externalDs><lastAction>IMPORTED</lastAction><created id="3"><date id="4">2015-02-12 07:08:12.714 UTC</date><user class="epc.commons.core.authentication.SystemUser" id="5"><userId>SYSTEM</userId><domain>SYSTEM</domain><firstName>System</firstName><lastName>System</lastName><email>noreply@alvin-portal.org</email><name>The System User</name></user><note>Imported from Waller</note><type>IMPORTED</type></created><updated id="6"><userAction reference="3"/></updated></recordInfo><regions id="7"/><defaultPlaceName id="8"><deleted>false</deleted><name>Stockholm</name></defaultPlaceName><placeNameForms id="9"/><identifiers id="10"/><localIdentifiers id="11"><localIdentifier id="12"><type class="localIdentifierType" id="13"><lastUpdated class="sql-timestamp" id="14">2014-04-17 08:49:50.65</lastUpdated><defaultName>Waller-id</defaultName><localisedNames id="15"/><code>waller</code><id>114</id><internal>false</internal><organisationUnitId>2</organisationUnitId></type><text>566</text></localIdentifier></localIdentifiers></place>