<?xml version="1.0" encoding="UTF-8"?>
<feed xmlns="http://www.w3.org/2005/Atom">
  <id>info:fedora/alvin-model:organisation</id>
  <title type="text">Content model for organisation objects</title>
  <updated>2014-05-07T12:54:19.721Z</updated>
  <author>
    <name>fedoraAdmin</name>
  </author>
  <category term="Active" scheme="info:fedora/fedora-system:def/model#state"></category>
  <category term="2010-05-31T14:04:25.556Z" scheme="info:fedora/fedora-system:def/model#createdDate"></category>
  <icon>http://www.fedora-commons.org/images/logo_vertical_transparent_200_251.png</icon>
  <entry>
    <id>info:fedora/alvin-model:organisation/RELS-EXT</id>
    <title type="text">RELS-EXT</title>
    <updated>2010-05-31T14:04:25.611Z</updated>
    <link href="info:fedora/alvin-model:organisation/RELS-EXT/2010-05-31T14:04:25.611Z" rel="alternate"></link>
    <category term="A" scheme="info:fedora/fedora-system:def/model#state"></category>
    <category term="X" scheme="info:fedora/fedora-system:def/model#controlGroup"></category>
    <category term="true" scheme="info:fedora/fedora-system:def/model#versionable"></category>
  </entry>
  <entry xmlns:thr="http://purl.org/syndication/thread/1.0">
    <id>info:fedora/alvin-model:organisation/RELS-EXT/2010-05-31T14:04:25.611Z</id>
    <title type="text">RELS-EXT1.0</title>
    <updated>2010-05-31T14:04:25.611Z</updated>
    <thr:in-reply-to ref="info:fedora/alvin-model:organisation/RELS-EXT"></thr:in-reply-to>
    <category term="info:fedora/fedora-system:FedoraRELSExt-1.0" scheme="info:fedora/fedora-system:def/model#formatURI"></category>
    <category term="RDF Statements about this object" scheme="info:fedora/fedora-system:def/model#label"></category>
    <category term="368" scheme="info:fedora/fedora-system:def/model#length"></category>
    <summary type="text">RELS-EXT1.0</summary>
    <content type="application/rdf+xml" src="RELS-EXT1.0.xml"></content>
  </entry>
  <entry>
    <id>info:fedora/alvin-model:organisation/DS-COMPOSITE-MODEL</id>
    <title type="text">DS-COMPOSITE-MODEL</title>
    <updated>2010-05-31T14:11:41.176Z</updated>
    <link href="info:fedora/alvin-model:organisation/DS-COMPOSITE-MODEL/2010-05-31T14:11:41.176Z" rel="alternate"></link>
    <category term="A" scheme="info:fedora/fedora-system:def/model#state"></category>
    <category term="X" scheme="info:fedora/fedora-system:def/model#controlGroup"></category>
    <category term="true" scheme="info:fedora/fedora-system:def/model#versionable"></category>
  </entry>
  <entry xmlns:thr="http://purl.org/syndication/thread/1.0">
    <id>info:fedora/alvin-model:organisation/DS-COMPOSITE-MODEL/2010-05-31T14:04:25.612Z</id>
    <title type="text">DS-COMPOSITE-MODEL1.0</title>
    <updated>2010-05-31T14:04:25.612Z</updated>
    <thr:in-reply-to ref="info:fedora/alvin-model:organisation/DS-COMPOSITE-MODEL"></thr:in-reply-to>
    <category term="info:fedora/fedora-system:FedoraDSCompositeModel-1.0" scheme="info:fedora/fedora-system:def/model#formatURI"></category>
    <category term="Datastream Composite Model" scheme="info:fedora/fedora-system:def/model#label"></category>
    <category term="1120" scheme="info:fedora/fedora-system:def/model#length"></category>
    <summary type="text">DS-COMPOSITE-MODEL1.0</summary>
    <content type="text/xml" src="DS-COMPOSITE-MODEL1.0.xml"></content>
  </entry>
  <entry xmlns:thr="http://purl.org/syndication/thread/1.0">
    <id>info:fedora/alvin-model:organisation/DS-COMPOSITE-MODEL/2010-05-31T14:11:41.176Z</id>
    <title type="text">DS-COMPOSITE-MODEL.1</title>
    <updated>2010-05-31T14:11:41.176Z</updated>
    <thr:in-reply-to ref="info:fedora/alvin-model:organisation/DS-COMPOSITE-MODEL"></thr:in-reply-to>
    <category term="info:fedora/fedora-system:FedoraDSCompositeModel-1.0" scheme="info:fedora/fedora-system:def/model#formatURI"></category>
    <category term="Datastream Composite Model" scheme="info:fedora/fedora-system:def/model#label"></category>
    <category term="209" scheme="info:fedora/fedora-system:def/model#length"></category>
    <summary type="text">DS-COMPOSITE-MODEL.1</summary>
    <content type="text/xml" src="DS-COMPOSITE-MODEL.1.xml"></content>
  </entry>
  <entry>
    <id>info:fedora/alvin-model:organisation/DC</id>
    <title type="text">DC</title>
    <updated>2010-05-31T14:04:25.556Z</updated>
    <link href="info:fedora/alvin-model:organisation/DC/2010-05-31T14:04:25.556Z" rel="alternate"></link>
    <category term="A" scheme="info:fedora/fedora-system:def/model#state"></category>
    <category term="X" scheme="info:fedora/fedora-system:def/model#controlGroup"></category>
    <category term="true" scheme="info:fedora/fedora-system:def/model#versionable"></category>
  </entry>
  <entry xmlns:thr="http://purl.org/syndication/thread/1.0">
    <id>info:fedora/alvin-model:organisation/DC/2010-05-31T14:04:25.556Z</id>
    <title type="text">DC1.0</title>
    <updated>2010-05-31T14:04:25.556Z</updated>
    <thr:in-reply-to ref="info:fedora/alvin-model:organisation/DC"></thr:in-reply-to>
    <category term="http://www.openarchives.org/OAI/2.0/oai_dc/" scheme="info:fedora/fedora-system:def/model#formatURI"></category>
    <category term="Dublin Core Record for this object" scheme="info:fedora/fedora-system:def/model#label"></category>
    <category term="415" scheme="info:fedora/fedora-system:def/model#length"></category>
    <summary type="text">DC1.0</summary>
    <content type="text/xml" src="DC1.0.xml"></content>
  </entry>
  <entry>
    <id>info:fedora/alvin-model:organisation/AUDIT</id>
    <title type="text">AUDIT</title>
    <updated>2010-05-31T14:04:25.556Z</updated>
    <category term="A" scheme="info:fedora/fedora-system:def/model#state"></category>
    <category term="X" scheme="info:fedora/fedora-system:def/model#controlGroup"></category>
    <category term="false" scheme="info:fedora/fedora-system:def/model#versionable"></category>
    <link href="info:fedora/alvin-model:organisation/AUDIT/2010-05-31T14:04:25.556Z" rel="alternate"></link>
  </entry>
  <entry xmlns:thr="http://purl.org/syndication/thread/1.0">
    <id>info:fedora/alvin-model:organisation/AUDIT/2010-05-31T14:04:25.556Z</id>
    <title type="text">AUDIT.0</title>
    <updated>2010-05-31T14:04:25.556Z</updated>
    <thr:in-reply-to ref="info:fedora/alvin-model:organisation/AUDIT"></thr:in-reply-to>
    <category term="info:fedora/fedora-system:format/xml.fedora.audit" scheme="info:fedora/fedora-system:def/model#formatURI"></category>
    <category term="Audit Trail for this object" scheme="info:fedora/fedora-system:def/model#label"></category>
    <summary type="text">AUDIT.0</summary>
    <content type="text/xml" src="AUDIT.0.xml"></content>
  </entry>
</feed>